Date,DateKey,Year,Quarter Number,Quarter,Year Quarter,Month Number,Month,Year Month,Year Month Number,Day of Week Number,Day of Week,Fiscal Year,Fiscal Quarter Number,Fiscal Quarter,Fiscal Year Quarter,Fiscal Month Number,Fiscal Month,Fiscal Year Month,Fiscal Year Month Number
2012-07-01 00:00:00.000,20120701,2012,3,"Q3","2012-Q3",7,"Jul","2012-Jul",201207,7,"Sunday",2012,3,"FQ3","2012-FQ3",7,"Jul","2012-Jul",201207
2012-07-02 00:00:00.000,20120702,2012,3,"Q3","2012-Q3",7,"Jul","2012-Jul",201207,1,"Monday",2012,3,"FQ3","2012-FQ3",7,"Jul","2012-Jul",201207
2012-07-03 00:00:00.000,20120703,2012,3,"Q3","2012-Q3",7,"Jul","2012-Jul",201207,2,"Tuesday",2012,3,"FQ3","2012-FQ3",7,"Jul","2012-Jul",201207
2012-07-04 00:00:00.000,20120704,2012,3,"Q3","2012-Q3",7,"Jul","2012-Jul",201207,3,"Wednesday",2012,3,"FQ3","2012-FQ3",7,"Jul","2012-Jul",201207
2012-07-05 00:00:00.000,20120705,2012,3,"Q3","2012-Q3",7,"Jul","2012-Jul",201207,4,"Thursday",2012,3,"FQ3","2012-FQ3",7,"Jul","2012-Jul",201207
2012-07-06 00:00:00.000,20120706,2012,3,"Q3","2012-Q3",7,"Jul","2012-Jul",201207,5,"Friday",2012,3,"FQ3","2012-FQ3",7,"Jul","2012-Jul",201207
2012-07-07 00:00:00.000,20120707,2012,3,"Q3","2012-Q3",7,"Jul","2012-Jul",201207,6,"Saturday",2012,3,"FQ3","2012-FQ3",7,"Jul","2012-Jul",201207
2012-07-08 00:00:00.000,20120708,2012,3,"Q3","2012-Q3",7,"Jul","2012-Jul",201207,7,"Sunday",2012,3,"FQ3","2012-FQ3",7,"Jul","2012-Jul",201207
2012-07-09 00:00:00.000,20120709,2012,3,"Q3","2012-Q3",7,"Jul","2012-Jul",201207,1,"Monday",2012,3,"FQ3","2012-FQ3",7,"Jul","2012-Jul",201207
2012-07-10 00:00:00.000,20120710,2012,3,"Q3","2012-Q3",7,"Jul","2012-Jul",201207,2,"Tuesday",2012,3,"FQ3","2012-FQ3",7,"Jul","2012-Jul",201207
2012-07-11 00:00:00.000,20120711,2012,3,"Q3","2012-Q3",7,"Jul","2012-Jul",201207,3,"Wednesday",2012,3,"FQ3","2012-FQ3",7,"Jul","2012-Jul",201207
2012-07-12 00:00:00.000,20120712,2012,3,"Q3","2012-Q3",7,"Jul","2012-Jul",201207,4,"Thursday",2012,3,"FQ3","2012-FQ3",7,"Jul","2012-Jul",201207
2012-07-13 00:00:00.000,20120713,2012,3,"Q3","2012-Q3",7,"Jul","2012-Jul",201207,5,"Friday",2012,3,"FQ3","2012-FQ3",7,"Jul","2012-Jul",201207
2012-07-14 00:00:00.000,20120714,2012,3,"Q3","2012-Q3",7,"Jul","2012-Jul",201207,6,"Saturday",2012,3,"FQ3","2012-FQ3",7,"Jul","2012-Jul",201207
2012-07-15 00:00:00.000,20120715,2012,3,"Q3","2012-Q3",7,"Jul","2012-Jul",201207,7,"Sunday",2012,3,"FQ3","2012-FQ3",7,"Jul","2012-Jul",201207
2012-07-16 00:00:00.000,20120716,2012,3,"Q3","2012-Q3",7,"Jul","2012-Jul",201207,1,"Monday",2012,3,"FQ3","2012-FQ3",7,"Jul","2012-Jul",201207
2012-07-17 00:00:00.000,20120717,2012,3,"Q3","2012-Q3",7,"Jul","2012-Jul",201207,2,"Tuesday",2012,3,"FQ3","2012-FQ3",7,"Jul","2012-Jul",201207
2012-07-18 00:00:00.000,20120718,2012,3,"Q3","2012-Q3",7,"Jul","2012-Jul",201207,3,"Wednesday",2012,3,"FQ3","2012-FQ3",7,"Jul","2012-Jul",201207
2012-07-19 00:00:00.000,20120719,2012,3,"Q3","2012-Q3",7,"Jul","2012-Jul",201207,4,"Thursday",2012,3,"FQ3","2012-FQ3",7,"Jul","2012-Jul",201207
2012-07-20 00:00:00.000,20120720,2012,3,"Q3","2012-Q3",7,"Jul","2012-Jul",201207,5,"Friday",2012,3,"FQ3","2012-FQ3",7,"Jul","2012-Jul",201207
2012-07-21 00:00:00.000,20120721,2012,3,"Q3","2012-Q3",7,"Jul","2012-Jul",201207,6,"Saturday",2012,3,"FQ3","2012-FQ3",7,"Jul","2012-Jul",201207
2012-07-22 00:00:00.000,20120722,2012,3,"Q3","2012-Q3",7,"Jul","2012-Jul",201207,7,"Sunday",2012,3,"FQ3","2012-FQ3",7,"Jul","2012-Jul",201207
2012-07-23 00:00:00.000,20120723,2012,3,"Q3","2012-Q3",7,"Jul","2012-Jul",201207,1,"Monday",2012,3,"FQ3","2012-FQ3",7,"Jul","2012-Jul",201207
2012-07-24 00:00:00.000,20120724,2012,3,"Q3","2012-Q3",7,"Jul","2012-Jul",201207,2,"Tuesday",2012,3,"FQ3","2012-FQ3",7,"Jul","2012-Jul",201207
2012-07-25 00:00:00.000,20120725,2012,3,"Q3","2012-Q3",7,"Jul","2012-Jul",201207,3,"Wednesday",2012,3,"FQ3","2012-FQ3",7,"Jul","2012-Jul",201207
2012-07-26 00:00:00.000,20120726,2012,3,"Q3","2012-Q3",7,"Jul","2012-Jul",201207,4,"Thursday",2012,3,"FQ3","2012-FQ3",7,"Jul","2012-Jul",201207
2012-07-27 00:00:00.000,20120727,2012,3,"Q3","2012-Q3",7,"Jul","2012-Jul",201207,5,"Friday",2012,3,"FQ3","2012-FQ3",7,"Jul","2012-Jul",201207
2012-07-28 00:00:00.000,20120728,2012,3,"Q3","2012-Q3",7,"Jul","2012-Jul",201207,6,"Saturday",2012,3,"FQ3","2012-FQ3",7,"Jul","2012-Jul",201207
2012-07-29 00:00:00.000,20120729,2012,3,"Q3","2012-Q3",7,"Jul","2012-Jul",201207,7,"Sunday",2012,3,"FQ3","2012-FQ3",7,"Jul","2012-Jul",201207
2012-07-30 00:00:00.000,20120730,2012,3,"Q3","2012-Q3",7,"Jul","2012-Jul",201207,1,"Monday",2012,3,"FQ3","2012-FQ3",7,"Jul","2012-Jul",201207
2012-07-31 00:00:00.000,20120731,2012,3,"Q3","2012-Q3",7,"Jul","2012-Jul",201207,2,"Tuesday",2012,3,"FQ3","2012-FQ3",7,"Jul","2012-Jul",201207
2013-07-01 00:00:00.000,20130701,2013,3,"Q3","2013-Q3",7,"Jul","2013-Jul",201307,1,"Monday",2013,3,"FQ3","2013-FQ3",7,"Jul","2013-Jul",201307
2013-07-02 00:00:00.000,20130702,2013,3,"Q3","2013-Q3",7,"Jul","2013-Jul",201307,2,"Tuesday",2013,3,"FQ3","2013-FQ3",7,"Jul","2013-Jul",201307
2013-07-03 00:00:00.000,20130703,2013,3,"Q3","2013-Q3",7,"Jul","2013-Jul",201307,3,"Wednesday",2013,3,"FQ3","2013-FQ3",7,"Jul","2013-Jul",201307
2013-07-04 00:00:00.000,20130704,2013,3,"Q3","2013-Q3",7,"Jul","2013-Jul",201307,4,"Thursday",2013,3,"FQ3","2013-FQ3",7,"Jul","2013-Jul",201307
2013-07-05 00:00:00.000,20130705,2013,3,"Q3","2013-Q3",7,"Jul","2013-Jul",201307,5,"Friday",2013,3,"FQ3","2013-FQ3",7,"Jul","2013-Jul",201307
2013-07-06 00:00:00.000,20130706,2013,3,"Q3","2013-Q3",7,"Jul","2013-Jul",201307,6,"Saturday",2013,3,"FQ3","2013-FQ3",7,"Jul","2013-Jul",201307
2013-07-07 00:00:00.000,20130707,2013,3,"Q3","2013-Q3",7,"Jul","2013-Jul",201307,7,"Sunday",2013,3,"FQ3","2013-FQ3",7,"Jul","2013-Jul",201307
2013-07-08 00:00:00.000,20130708,2013,3,"Q3","2013-Q3",7,"Jul","2013-Jul",201307,1,"Monday",2013,3,"FQ3","2013-FQ3",7,"Jul","2013-Jul",201307
2013-07-09 00:00:00.000,20130709,2013,3,"Q3","2013-Q3",7,"Jul","2013-Jul",201307,2,"Tuesday",2013,3,"FQ3","2013-FQ3",7,"Jul","2013-Jul",201307
2013-07-10 00:00:00.000,20130710,2013,3,"Q3","2013-Q3",7,"Jul","2013-Jul",201307,3,"Wednesday",2013,3,"FQ3","2013-FQ3",7,"Jul","2013-Jul",201307
2013-07-11 00:00:00.000,20130711,2013,3,"Q3","2013-Q3",7,"Jul","2013-Jul",201307,4,"Thursday",2013,3,"FQ3","2013-FQ3",7,"Jul","2013-Jul",201307
2013-07-12 00:00:00.000,20130712,2013,3,"Q3","2013-Q3",7,"Jul","2013-Jul",201307,5,"Friday",2013,3,"FQ3","2013-FQ3",7,"Jul","2013-Jul",201307
2013-07-13 00:00:00.000,20130713,2013,3,"Q3","2013-Q3",7,"Jul","2013-Jul",201307,6,"Saturday",2013,3,"FQ3","2013-FQ3",7,"Jul","2013-Jul",201307
2013-07-14 00:00:00.000,20130714,2013,3,"Q3","2013-Q3",7,"Jul","2013-Jul",201307,7,"Sunday",2013,3,"FQ3","2013-FQ3",7,"Jul","2013-Jul",201307
2013-07-15 00:00:00.000,20130715,2013,3,"Q3","2013-Q3",7,"Jul","2013-Jul",201307,1,"Monday",2013,3,"FQ3","2013-FQ3",7,"Jul","2013-Jul",201307
2013-07-16 00:00:00.000,20130716,2013,3,"Q3","2013-Q3",7,"Jul","2013-Jul",201307,2,"Tuesday",2013,3,"FQ3","2013-FQ3",7,"Jul","2013-Jul",201307
2013-07-17 00:00:00.000,20130717,2013,3,"Q3","2013-Q3",7,"Jul","2013-Jul",201307,3,"Wednesday",2013,3,"FQ3","2013-FQ3",7,"Jul","2013-Jul",201307
2013-07-18 00:00:00.000,20130718,2013,3,"Q3","2013-Q3",7,"Jul","2013-Jul",201307,4,"Thursday",2013,3,"FQ3","2013-FQ3",7,"Jul","2013-Jul",201307
2013-07-19 00:00:00.000,20130719,2013,3,"Q3","2013-Q3",7,"Jul","2013-Jul",201307,5,"Friday",2013,3,"FQ3","2013-FQ3",7,"Jul","2013-Jul",201307
2013-07-20 00:00:00.000,20130720,2013,3,"Q3","2013-Q3",7,"Jul","2013-Jul",201307,6,"Saturday",2013,3,"FQ3","2013-FQ3",7,"Jul","2013-Jul",201307
2013-07-21 00:00:00.000,20130721,2013,3,"Q3","2013-Q3",7,"Jul","2013-Jul",201307,7,"Sunday",2013,3,"FQ3","2013-FQ3",7,"Jul","2013-Jul",201307
2013-07-22 00:00:00.000,20130722,2013,3,"Q3","2013-Q3",7,"Jul","2013-Jul",201307,1,"Monday",2013,3,"FQ3","2013-FQ3",7,"Jul","2013-Jul",201307
2013-07-23 00:00:00.000,20130723,2013,3,"Q3","2013-Q3",7,"Jul","2013-Jul",201307,2,"Tuesday",2013,3,"FQ3","2013-FQ3",7,"Jul","2013-Jul",201307
2013-07-24 00:00:00.000,20130724,2013,3,"Q3","2013-Q3",7,"Jul","2013-Jul",201307,3,"Wednesday",2013,3,"FQ3","2013-FQ3",7,"Jul","2013-Jul",201307
2013-07-25 00:00:00.000,20130725,2013,3,"Q3","2013-Q3",7,"Jul","2013-Jul",201307,4,"Thursday",2013,3,"FQ3","2013-FQ3",7,"Jul","2013-Jul",201307
2013-07-26 00:00:00.000,20130726,2013,3,"Q3","2013-Q3",7,"Jul","2013-Jul",201307,5,"Friday",2013,3,"FQ3","2013-FQ3",7,"Jul","2013-Jul",201307
2013-07-27 00:00:00.000,20130727,2013,3,"Q3","2013-Q3",7,"Jul","2013-Jul",201307,6,"Saturday",2013,3,"FQ3","2013-FQ3",7,"Jul","2013-Jul",201307
2013-07-28 00:00:00.000,20130728,2013,3,"Q3","2013-Q3",7,"Jul","2013-Jul",201307,7,"Sunday",2013,3,"FQ3","2013-FQ3",7,"Jul","2013-Jul",201307
2013-07-29 00:00:00.000,20130729,2013,3,"Q3","2013-Q3",7,"Jul","2013-Jul",201307,1,"Monday",2013,3,"FQ3","2013-FQ3",7,"Jul","2013-Jul",201307
2013-07-30 00:00:00.000,20130730,2013,3,"Q3","2013-Q3",7,"Jul","2013-Jul",201307,2,"Tuesday",2013,3,"FQ3","2013-FQ3",7,"Jul","2013-Jul",201307
2013-07-31 00:00:00.000,20130731,2013,3,"Q3","2013-Q3",7,"Jul","2013-Jul",201307,3,"Wednesday",2013,3,"FQ3","2013-FQ3",7,"Jul","2013-Jul",201307
2014-07-01 00:00:00.000,20140701,2014,3,"Q3","2014-Q3",7,"Jul","2014-Jul",201407,2,"Tuesday",2014,3,"FQ3","2014-FQ3",7,"Jul","2014-Jul",201407
2014-07-02 00:00:00.000,20140702,2014,3,"Q3","2014-Q3",7,"Jul","2014-Jul",201407,3,"Wednesday",2014,3,"FQ3","2014-FQ3",7,"Jul","2014-Jul",201407
2014-07-03 00:00:00.000,20140703,2014,3,"Q3","2014-Q3",7,"Jul","2014-Jul",201407,4,"Thursday",2014,3,"FQ3","2014-FQ3",7,"Jul","2014-Jul",201407
2014-07-04 00:00:00.000,20140704,2014,3,"Q3","2014-Q3",7,"Jul","2014-Jul",201407,5,"Friday",2014,3,"FQ3","2014-FQ3",7,"Jul","2014-Jul",201407
2014-07-05 00:00:00.000,20140705,2014,3,"Q3","2014-Q3",7,"Jul","2014-Jul",201407,6,"Saturday",2014,3,"FQ3","2014-FQ3",7,"Jul","2014-Jul",201407
2014-07-06 00:00:00.000,20140706,2014,3,"Q3","2014-Q3",7,"Jul","2014-Jul",201407,7,"Sunday",2014,3,"FQ3","2014-FQ3",7,"Jul","2014-Jul",201407
2014-07-07 00:00:00.000,20140707,2014,3,"Q3","2014-Q3",7,"Jul","2014-Jul",201407,1,"Monday",2014,3,"FQ3","2014-FQ3",7,"Jul","2014-Jul",201407
2014-07-08 00:00:00.000,20140708,2014,3,"Q3","2014-Q3",7,"Jul","2014-Jul",201407,2,"Tuesday",2014,3,"FQ3","2014-FQ3",7,"Jul","2014-Jul",201407
2014-07-09 00:00:00.000,20140709,2014,3,"Q3","2014-Q3",7,"Jul","2014-Jul",201407,3,"Wednesday",2014,3,"FQ3","2014-FQ3",7,"Jul","2014-Jul",201407
2014-07-10 00:00:00.000,20140710,2014,3,"Q3","2014-Q3",7,"Jul","2014-Jul",201407,4,"Thursday",2014,3,"FQ3","2014-FQ3",7,"Jul","2014-Jul",201407
2014-07-11 00:00:00.000,20140711,2014,3,"Q3","2014-Q3",7,"Jul","2014-Jul",201407,5,"Friday",2014,3,"FQ3","2014-FQ3",7,"Jul","2014-Jul",201407
2014-07-12 00:00:00.000,20140712,2014,3,"Q3","2014-Q3",7,"Jul","2014-Jul",201407,6,"Saturday",2014,3,"FQ3","2014-FQ3",7,"Jul","2014-Jul",201407
2014-07-13 00:00:00.000,20140713,2014,3,"Q3","2014-Q3",7,"Jul","2014-Jul",201407,7,"Sunday",2014,3,"FQ3","2014-FQ3",7,"Jul","2014-Jul",201407
2014-07-14 00:00:00.000,20140714,2014,3,"Q3","2014-Q3",7,"Jul","2014-Jul",201407,1,"Monday",2014,3,"FQ3","2014-FQ3",7,"Jul","2014-Jul",201407
2014-07-15 00:00:00.000,20140715,2014,3,"Q3","2014-Q3",7,"Jul","2014-Jul",201407,2,"Tuesday",2014,3,"FQ3","2014-FQ3",7,"Jul","2014-Jul",201407
2014-07-16 00:00:00.000,20140716,2014,3,"Q3","2014-Q3",7,"Jul","2014-Jul",201407,3,"Wednesday",2014,3,"FQ3","2014-FQ3",7,"Jul","2014-Jul",201407
2014-07-17 00:00:00.000,20140717,2014,3,"Q3","2014-Q3",7,"Jul","2014-Jul",201407,4,"Thursday",2014,3,"FQ3","2014-FQ3",7,"Jul","2014-Jul",201407
2014-07-18 00:00:00.000,20140718,2014,3,"Q3","2014-Q3",7,"Jul","2014-Jul",201407,5,"Friday",2014,3,"FQ3","2014-FQ3",7,"Jul","2014-Jul",201407
2014-07-19 00:00:00.000,20140719,2014,3,"Q3","2014-Q3",7,"Jul","2014-Jul",201407,6,"Saturday",2014,3,"FQ3","2014-FQ3",7,"Jul","2014-Jul",201407
2014-07-20 00:00:00.000,20140720,2014,3,"Q3","2014-Q3",7,"Jul","2014-Jul",201407,7,"Sunday",2014,3,"FQ3","2014-FQ3",7,"Jul","2014-Jul",201407
2014-07-21 00:00:00.000,20140721,2014,3,"Q3","2014-Q3",7,"Jul","2014-Jul",201407,1,"Monday",2014,3,"FQ3","2014-FQ3",7,"Jul","2014-Jul",201407
2014-07-22 00:00:00.000,20140722,2014,3,"Q3","2014-Q3",7,"Jul","2014-Jul",201407,2,"Tuesday",2014,3,"FQ3","2014-FQ3",7,"Jul","2014-Jul",201407
2014-07-23 00:00:00.000,20140723,2014,3,"Q3","2014-Q3",7,"Jul","2014-Jul",201407,3,"Wednesday",2014,3,"FQ3","2014-FQ3",7,"Jul","2014-Jul",201407
2014-07-24 00:00:00.000,20140724,2014,3,"Q3","2014-Q3",7,"Jul","2014-Jul",201407,4,"Thursday",2014,3,"FQ3","2014-FQ3",7,"Jul","2014-Jul",201407
2014-07-25 00:00:00.000,20140725,2014,3,"Q3","2014-Q3",7,"Jul","2014-Jul",201407,5,"Friday",2014,3,"FQ3","2014-FQ3",7,"Jul","2014-Jul",201407
2014-07-26 00:00:00.000,20140726,2014,3,"Q3","2014-Q3",7,"Jul","2014-Jul",201407,6,"Saturday",2014,3,"FQ3","2014-FQ3",7,"Jul","2014-Jul",201407
2014-07-27 00:00:00.000,20140727,2014,3,"Q3","2014-Q3",7,"Jul","2014-Jul",201407,7,"Sunday",2014,3,"FQ3","2014-FQ3",7,"Jul","2014-Jul",201407
2014-07-28 00:00:00.000,20140728,2014,3,"Q3","2014-Q3",7,"Jul","2014-Jul",201407,1,"Monday",2014,3,"FQ3","2014-FQ3",7,"Jul","2014-Jul",201407
2014-07-29 00:00:00.000,20140729,2014,3,"Q3","2014-Q3",7,"Jul","2014-Jul",201407,2,"Tuesday",2014,3,"FQ3","2014-FQ3",7,"Jul","2014-Jul",201407
2014-07-30 00:00:00.000,20140730,2014,3,"Q3","2014-Q3",7,"Jul","2014-Jul",201407,3,"Wednesday",2014,3,"FQ3","2014-FQ3",7,"Jul","2014-Jul",201407
2014-07-31 00:00:00.000,20140731,2014,3,"Q3","2014-Q3",7,"Jul","2014-Jul",201407,4,"Thursday",2014,3,"FQ3","2014-FQ3",7,"Jul","2014-Jul",201407
2015-07-01 00:00:00.000,20150701,2015,3,"Q3","2015-Q3",7,"Jul","2015-Jul",201507,3,"Wednesday",2015,3,"FQ3","2015-FQ3",7,"Jul","2015-Jul",201507
2015-07-02 00:00:00.000,20150702,2015,3,"Q3","2015-Q3",7,"Jul","2015-Jul",201507,4,"Thursday",2015,3,"FQ3","2015-FQ3",7,"Jul","2015-Jul",201507
2015-07-03 00:00:00.000,20150703,2015,3,"Q3","2015-Q3",7,"Jul","2015-Jul",201507,5,"Friday",2015,3,"FQ3","2015-FQ3",7,"Jul","2015-Jul",201507
2015-07-04 00:00:00.000,20150704,2015,3,"Q3","2015-Q3",7,"Jul","2015-Jul",201507,6,"Saturday",2015,3,"FQ3","2015-FQ3",7,"Jul","2015-Jul",201507
2015-07-05 00:00:00.000,20150705,2015,3,"Q3","2015-Q3",7,"Jul","2015-Jul",201507,7,"Sunday",2015,3,"FQ3","2015-FQ3",7,"Jul","2015-Jul",201507
2015-07-06 00:00:00.000,20150706,2015,3,"Q3","2015-Q3",7,"Jul","2015-Jul",201507,1,"Monday",2015,3,"FQ3","2015-FQ3",7,"Jul","2015-Jul",201507
2015-07-07 00:00:00.000,20150707,2015,3,"Q3","2015-Q3",7,"Jul","2015-Jul",201507,2,"Tuesday",2015,3,"FQ3","2015-FQ3",7,"Jul","2015-Jul",201507
2015-07-08 00:00:00.000,20150708,2015,3,"Q3","2015-Q3",7,"Jul","2015-Jul",201507,3,"Wednesday",2015,3,"FQ3","2015-FQ3",7,"Jul","2015-Jul",201507
2015-07-09 00:00:00.000,20150709,2015,3,"Q3","2015-Q3",7,"Jul","2015-Jul",201507,4,"Thursday",2015,3,"FQ3","2015-FQ3",7,"Jul","2015-Jul",201507
2015-07-10 00:00:00.000,20150710,2015,3,"Q3","2015-Q3",7,"Jul","2015-Jul",201507,5,"Friday",2015,3,"FQ3","2015-FQ3",7,"Jul","2015-Jul",201507
2015-07-11 00:00:00.000,20150711,2015,3,"Q3","2015-Q3",7,"Jul","2015-Jul",201507,6,"Saturday",2015,3,"FQ3","2015-FQ3",7,"Jul","2015-Jul",201507
2015-07-12 00:00:00.000,20150712,2015,3,"Q3","2015-Q3",7,"Jul","2015-Jul",201507,7,"Sunday",2015,3,"FQ3","2015-FQ3",7,"Jul","2015-Jul",201507
2015-07-13 00:00:00.000,20150713,2015,3,"Q3","2015-Q3",7,"Jul","2015-Jul",201507,1,"Monday",2015,3,"FQ3","2015-FQ3",7,"Jul","2015-Jul",201507
2015-07-14 00:00:00.000,20150714,2015,3,"Q3","2015-Q3",7,"Jul","2015-Jul",201507,2,"Tuesday",2015,3,"FQ3","2015-FQ3",7,"Jul","2015-Jul",201507
2015-07-15 00:00:00.000,20150715,2015,3,"Q3","2015-Q3",7,"Jul","2015-Jul",201507,3,"Wednesday",2015,3,"FQ3","2015-FQ3",7,"Jul","2015-Jul",201507
2015-07-16 00:00:00.000,20150716,2015,3,"Q3","2015-Q3",7,"Jul","2015-Jul",201507,4,"Thursday",2015,3,"FQ3","2015-FQ3",7,"Jul","2015-Jul",201507
2015-07-17 00:00:00.000,20150717,2015,3,"Q3","2015-Q3",7,"Jul","2015-Jul",201507,5,"Friday",2015,3,"FQ3","2015-FQ3",7,"Jul","2015-Jul",201507
2015-07-18 00:00:00.000,20150718,2015,3,"Q3","2015-Q3",7,"Jul","2015-Jul",201507,6,"Saturday",2015,3,"FQ3","2015-FQ3",7,"Jul","2015-Jul",201507
2015-07-19 00:00:00.000,20150719,2015,3,"Q3","2015-Q3",7,"Jul","2015-Jul",201507,7,"Sunday",2015,3,"FQ3","2015-FQ3",7,"Jul","2015-Jul",201507
2015-07-20 00:00:00.000,20150720,2015,3,"Q3","2015-Q3",7,"Jul","2015-Jul",201507,1,"Monday",2015,3,"FQ3","2015-FQ3",7,"Jul","2015-Jul",201507
2015-07-21 00:00:00.000,20150721,2015,3,"Q3","2015-Q3",7,"Jul","2015-Jul",201507,2,"Tuesday",2015,3,"FQ3","2015-FQ3",7,"Jul","2015-Jul",201507
2015-07-22 00:00:00.000,20150722,2015,3,"Q3","2015-Q3",7,"Jul","2015-Jul",201507,3,"Wednesday",2015,3,"FQ3","2015-FQ3",7,"Jul","2015-Jul",201507
2015-07-23 00:00:00.000,20150723,2015,3,"Q3","2015-Q3",7,"Jul","2015-Jul",201507,4,"Thursday",2015,3,"FQ3","2015-FQ3",7,"Jul","2015-Jul",201507
2015-07-24 00:00:00.000,20150724,2015,3,"Q3","2015-Q3",7,"Jul","2015-Jul",201507,5,"Friday",2015,3,"FQ3","2015-FQ3",7,"Jul","2015-Jul",201507
2015-07-25 00:00:00.000,20150725,2015,3,"Q3","2015-Q3",7,"Jul","2015-Jul",201507,6,"Saturday",2015,3,"FQ3","2015-FQ3",7,"Jul","2015-Jul",201507
2015-07-26 00:00:00.000,20150726,2015,3,"Q3","2015-Q3",7,"Jul","2015-Jul",201507,7,"Sunday",2015,3,"FQ3","2015-FQ3",7,"Jul","2015-Jul",201507
2015-07-27 00:00:00.000,20150727,2015,3,"Q3","2015-Q3",7,"Jul","2015-Jul",201507,1,"Monday",2015,3,"FQ3","2015-FQ3",7,"Jul","2015-Jul",201507
2015-07-28 00:00:00.000,20150728,2015,3,"Q3","2015-Q3",7,"Jul","2015-Jul",201507,2,"Tuesday",2015,3,"FQ3","2015-FQ3",7,"Jul","2015-Jul",201507
2015-07-29 00:00:00.000,20150729,2015,3,"Q3","2015-Q3",7,"Jul","2015-Jul",201507,3,"Wednesday",2015,3,"FQ3","2015-FQ3",7,"Jul","2015-Jul",201507
2015-07-30 00:00:00.000,20150730,2015,3,"Q3","2015-Q3",7,"Jul","2015-Jul",201507,4,"Thursday",2015,3,"FQ3","2015-FQ3",7,"Jul","2015-Jul",201507
2015-07-31 00:00:00.000,20150731,2015,3,"Q3","2015-Q3",7,"Jul","2015-Jul",201507,5,"Friday",2015,3,"FQ3","2015-FQ3",7,"Jul","2015-Jul",201507
2012-08-01 00:00:00.000,20120801,2012,3,"Q3","2012-Q3",8,"Aug","2012-Aug",201208,3,"Wednesday",2012,3,"FQ3","2012-FQ3",8,"Aug","2012-Aug",201208
2012-08-02 00:00:00.000,20120802,2012,3,"Q3","2012-Q3",8,"Aug","2012-Aug",201208,4,"Thursday",2012,3,"FQ3","2012-FQ3",8,"Aug","2012-Aug",201208
2012-08-03 00:00:00.000,20120803,2012,3,"Q3","2012-Q3",8,"Aug","2012-Aug",201208,5,"Friday",2012,3,"FQ3","2012-FQ3",8,"Aug","2012-Aug",201208
2012-08-04 00:00:00.000,20120804,2012,3,"Q3","2012-Q3",8,"Aug","2012-Aug",201208,6,"Saturday",2012,3,"FQ3","2012-FQ3",8,"Aug","2012-Aug",201208
2012-08-05 00:00:00.000,20120805,2012,3,"Q3","2012-Q3",8,"Aug","2012-Aug",201208,7,"Sunday",2012,3,"FQ3","2012-FQ3",8,"Aug","2012-Aug",201208
2012-08-06 00:00:00.000,20120806,2012,3,"Q3","2012-Q3",8,"Aug","2012-Aug",201208,1,"Monday",2012,3,"FQ3","2012-FQ3",8,"Aug","2012-Aug",201208
2012-08-07 00:00:00.000,20120807,2012,3,"Q3","2012-Q3",8,"Aug","2012-Aug",201208,2,"Tuesday",2012,3,"FQ3","2012-FQ3",8,"Aug","2012-Aug",201208
2012-08-08 00:00:00.000,20120808,2012,3,"Q3","2012-Q3",8,"Aug","2012-Aug",201208,3,"Wednesday",2012,3,"FQ3","2012-FQ3",8,"Aug","2012-Aug",201208
2012-08-09 00:00:00.000,20120809,2012,3,"Q3","2012-Q3",8,"Aug","2012-Aug",201208,4,"Thursday",2012,3,"FQ3","2012-FQ3",8,"Aug","2012-Aug",201208
2012-08-10 00:00:00.000,20120810,2012,3,"Q3","2012-Q3",8,"Aug","2012-Aug",201208,5,"Friday",2012,3,"FQ3","2012-FQ3",8,"Aug","2012-Aug",201208
2012-08-11 00:00:00.000,20120811,2012,3,"Q3","2012-Q3",8,"Aug","2012-Aug",201208,6,"Saturday",2012,3,"FQ3","2012-FQ3",8,"Aug","2012-Aug",201208
2012-08-12 00:00:00.000,20120812,2012,3,"Q3","2012-Q3",8,"Aug","2012-Aug",201208,7,"Sunday",2012,3,"FQ3","2012-FQ3",8,"Aug","2012-Aug",201208
2012-08-13 00:00:00.000,20120813,2012,3,"Q3","2012-Q3",8,"Aug","2012-Aug",201208,1,"Monday",2012,3,"FQ3","2012-FQ3",8,"Aug","2012-Aug",201208
2012-08-14 00:00:00.000,20120814,2012,3,"Q3","2012-Q3",8,"Aug","2012-Aug",201208,2,"Tuesday",2012,3,"FQ3","2012-FQ3",8,"Aug","2012-Aug",201208
2012-08-15 00:00:00.000,20120815,2012,3,"Q3","2012-Q3",8,"Aug","2012-Aug",201208,3,"Wednesday",2012,3,"FQ3","2012-FQ3",8,"Aug","2012-Aug",201208
2012-08-16 00:00:00.000,20120816,2012,3,"Q3","2012-Q3",8,"Aug","2012-Aug",201208,4,"Thursday",2012,3,"FQ3","2012-FQ3",8,"Aug","2012-Aug",201208
2012-08-17 00:00:00.000,20120817,2012,3,"Q3","2012-Q3",8,"Aug","2012-Aug",201208,5,"Friday",2012,3,"FQ3","2012-FQ3",8,"Aug","2012-Aug",201208
2012-08-18 00:00:00.000,20120818,2012,3,"Q3","2012-Q3",8,"Aug","2012-Aug",201208,6,"Saturday",2012,3,"FQ3","2012-FQ3",8,"Aug","2012-Aug",201208
2012-08-19 00:00:00.000,20120819,2012,3,"Q3","2012-Q3",8,"Aug","2012-Aug",201208,7,"Sunday",2012,3,"FQ3","2012-FQ3",8,"Aug","2012-Aug",201208
2012-08-20 00:00:00.000,20120820,2012,3,"Q3","2012-Q3",8,"Aug","2012-Aug",201208,1,"Monday",2012,3,"FQ3","2012-FQ3",8,"Aug","2012-Aug",201208
2012-08-21 00:00:00.000,20120821,2012,3,"Q3","2012-Q3",8,"Aug","2012-Aug",201208,2,"Tuesday",2012,3,"FQ3","2012-FQ3",8,"Aug","2012-Aug",201208
2012-08-22 00:00:00.000,20120822,2012,3,"Q3","2012-Q3",8,"Aug","2012-Aug",201208,3,"Wednesday",2012,3,"FQ3","2012-FQ3",8,"Aug","2012-Aug",201208
2012-08-23 00:00:00.000,20120823,2012,3,"Q3","2012-Q3",8,"Aug","2012-Aug",201208,4,"Thursday",2012,3,"FQ3","2012-FQ3",8,"Aug","2012-Aug",201208
2012-08-24 00:00:00.000,20120824,2012,3,"Q3","2012-Q3",8,"Aug","2012-Aug",201208,5,"Friday",2012,3,"FQ3","2012-FQ3",8,"Aug","2012-Aug",201208
2012-08-25 00:00:00.000,20120825,2012,3,"Q3","2012-Q3",8,"Aug","2012-Aug",201208,6,"Saturday",2012,3,"FQ3","2012-FQ3",8,"Aug","2012-Aug",201208
2012-08-26 00:00:00.000,20120826,2012,3,"Q3","2012-Q3",8,"Aug","2012-Aug",201208,7,"Sunday",2012,3,"FQ3","2012-FQ3",8,"Aug","2012-Aug",201208
2012-08-27 00:00:00.000,20120827,2012,3,"Q3","2012-Q3",8,"Aug","2012-Aug",201208,1,"Monday",2012,3,"FQ3","2012-FQ3",8,"Aug","2012-Aug",201208
2012-08-28 00:00:00.000,20120828,2012,3,"Q3","2012-Q3",8,"Aug","2012-Aug",201208,2,"Tuesday",2012,3,"FQ3","2012-FQ3",8,"Aug","2012-Aug",201208
2012-08-29 00:00:00.000,20120829,2012,3,"Q3","2012-Q3",8,"Aug","2012-Aug",201208,3,"Wednesday",2012,3,"FQ3","2012-FQ3",8,"Aug","2012-Aug",201208
2012-08-30 00:00:00.000,20120830,2012,3,"Q3","2012-Q3",8,"Aug","2012-Aug",201208,4,"Thursday",2012,3,"FQ3","2012-FQ3",8,"Aug","2012-Aug",201208
2012-08-31 00:00:00.000,20120831,2012,3,"Q3","2012-Q3",8,"Aug","2012-Aug",201208,5,"Friday",2012,3,"FQ3","2012-FQ3",8,"Aug","2012-Aug",201208
2013-08-01 00:00:00.000,20130801,2013,3,"Q3","2013-Q3",8,"Aug","2013-Aug",201308,4,"Thursday",2013,3,"FQ3","2013-FQ3",8,"Aug","2013-Aug",201308
2013-08-02 00:00:00.000,20130802,2013,3,"Q3","2013-Q3",8,"Aug","2013-Aug",201308,5,"Friday",2013,3,"FQ3","2013-FQ3",8,"Aug","2013-Aug",201308
2013-08-03 00:00:00.000,20130803,2013,3,"Q3","2013-Q3",8,"Aug","2013-Aug",201308,6,"Saturday",2013,3,"FQ3","2013-FQ3",8,"Aug","2013-Aug",201308
2013-08-04 00:00:00.000,20130804,2013,3,"Q3","2013-Q3",8,"Aug","2013-Aug",201308,7,"Sunday",2013,3,"FQ3","2013-FQ3",8,"Aug","2013-Aug",201308
2013-08-05 00:00:00.000,20130805,2013,3,"Q3","2013-Q3",8,"Aug","2013-Aug",201308,1,"Monday",2013,3,"FQ3","2013-FQ3",8,"Aug","2013-Aug",201308
2013-08-06 00:00:00.000,20130806,2013,3,"Q3","2013-Q3",8,"Aug","2013-Aug",201308,2,"Tuesday",2013,3,"FQ3","2013-FQ3",8,"Aug","2013-Aug",201308
2013-08-07 00:00:00.000,20130807,2013,3,"Q3","2013-Q3",8,"Aug","2013-Aug",201308,3,"Wednesday",2013,3,"FQ3","2013-FQ3",8,"Aug","2013-Aug",201308
2013-08-08 00:00:00.000,20130808,2013,3,"Q3","2013-Q3",8,"Aug","2013-Aug",201308,4,"Thursday",2013,3,"FQ3","2013-FQ3",8,"Aug","2013-Aug",201308
2013-08-09 00:00:00.000,20130809,2013,3,"Q3","2013-Q3",8,"Aug","2013-Aug",201308,5,"Friday",2013,3,"FQ3","2013-FQ3",8,"Aug","2013-Aug",201308
2013-08-10 00:00:00.000,20130810,2013,3,"Q3","2013-Q3",8,"Aug","2013-Aug",201308,6,"Saturday",2013,3,"FQ3","2013-FQ3",8,"Aug","2013-Aug",201308
2013-08-11 00:00:00.000,20130811,2013,3,"Q3","2013-Q3",8,"Aug","2013-Aug",201308,7,"Sunday",2013,3,"FQ3","2013-FQ3",8,"Aug","2013-Aug",201308
2013-08-12 00:00:00.000,20130812,2013,3,"Q3","2013-Q3",8,"Aug","2013-Aug",201308,1,"Monday",2013,3,"FQ3","2013-FQ3",8,"Aug","2013-Aug",201308
2013-08-13 00:00:00.000,20130813,2013,3,"Q3","2013-Q3",8,"Aug","2013-Aug",201308,2,"Tuesday",2013,3,"FQ3","2013-FQ3",8,"Aug","2013-Aug",201308
2013-08-14 00:00:00.000,20130814,2013,3,"Q3","2013-Q3",8,"Aug","2013-Aug",201308,3,"Wednesday",2013,3,"FQ3","2013-FQ3",8,"Aug","2013-Aug",201308
2013-08-15 00:00:00.000,20130815,2013,3,"Q3","2013-Q3",8,"Aug","2013-Aug",201308,4,"Thursday",2013,3,"FQ3","2013-FQ3",8,"Aug","2013-Aug",201308
2013-08-16 00:00:00.000,20130816,2013,3,"Q3","2013-Q3",8,"Aug","2013-Aug",201308,5,"Friday",2013,3,"FQ3","2013-FQ3",8,"Aug","2013-Aug",201308
2013-08-17 00:00:00.000,20130817,2013,3,"Q3","2013-Q3",8,"Aug","2013-Aug",201308,6,"Saturday",2013,3,"FQ3","2013-FQ3",8,"Aug","2013-Aug",201308
2013-08-18 00:00:00.000,20130818,2013,3,"Q3","2013-Q3",8,"Aug","2013-Aug",201308,7,"Sunday",2013,3,"FQ3","2013-FQ3",8,"Aug","2013-Aug",201308
2013-08-19 00:00:00.000,20130819,2013,3,"Q3","2013-Q3",8,"Aug","2013-Aug",201308,1,"Monday",2013,3,"FQ3","2013-FQ3",8,"Aug","2013-Aug",201308
2013-08-20 00:00:00.000,20130820,2013,3,"Q3","2013-Q3",8,"Aug","2013-Aug",201308,2,"Tuesday",2013,3,"FQ3","2013-FQ3",8,"Aug","2013-Aug",201308
2013-08-21 00:00:00.000,20130821,2013,3,"Q3","2013-Q3",8,"Aug","2013-Aug",201308,3,"Wednesday",2013,3,"FQ3","2013-FQ3",8,"Aug","2013-Aug",201308
2013-08-22 00:00:00.000,20130822,2013,3,"Q3","2013-Q3",8,"Aug","2013-Aug",201308,4,"Thursday",2013,3,"FQ3","2013-FQ3",8,"Aug","2013-Aug",201308
2013-08-23 00:00:00.000,20130823,2013,3,"Q3","2013-Q3",8,"Aug","2013-Aug",201308,5,"Friday",2013,3,"FQ3","2013-FQ3",8,"Aug","2013-Aug",201308
2013-08-24 00:00:00.000,20130824,2013,3,"Q3","2013-Q3",8,"Aug","2013-Aug",201308,6,"Saturday",2013,3,"FQ3","2013-FQ3",8,"Aug","2013-Aug",201308
2013-08-25 00:00:00.000,20130825,2013,3,"Q3","2013-Q3",8,"Aug","2013-Aug",201308,7,"Sunday",2013,3,"FQ3","2013-FQ3",8,"Aug","2013-Aug",201308
2013-08-26 00:00:00.000,20130826,2013,3,"Q3","2013-Q3",8,"Aug","2013-Aug",201308,1,"Monday",2013,3,"FQ3","2013-FQ3",8,"Aug","2013-Aug",201308
2013-08-27 00:00:00.000,20130827,2013,3,"Q3","2013-Q3",8,"Aug","2013-Aug",201308,2,"Tuesday",2013,3,"FQ3","2013-FQ3",8,"Aug","2013-Aug",201308
2013-08-28 00:00:00.000,20130828,2013,3,"Q3","2013-Q3",8,"Aug","2013-Aug",201308,3,"Wednesday",2013,3,"FQ3","2013-FQ3",8,"Aug","2013-Aug",201308
2013-08-29 00:00:00.000,20130829,2013,3,"Q3","2013-Q3",8,"Aug","2013-Aug",201308,4,"Thursday",2013,3,"FQ3","2013-FQ3",8,"Aug","2013-Aug",201308
2013-08-30 00:00:00.000,20130830,2013,3,"Q3","2013-Q3",8,"Aug","2013-Aug",201308,5,"Friday",2013,3,"FQ3","2013-FQ3",8,"Aug","2013-Aug",201308
2013-08-31 00:00:00.000,20130831,2013,3,"Q3","2013-Q3",8,"Aug","2013-Aug",201308,6,"Saturday",2013,3,"FQ3","2013-FQ3",8,"Aug","2013-Aug",201308
2014-08-01 00:00:00.000,20140801,2014,3,"Q3","2014-Q3",8,"Aug","2014-Aug",201408,5,"Friday",2014,3,"FQ3","2014-FQ3",8,"Aug","2014-Aug",201408
2014-08-02 00:00:00.000,20140802,2014,3,"Q3","2014-Q3",8,"Aug","2014-Aug",201408,6,"Saturday",2014,3,"FQ3","2014-FQ3",8,"Aug","2014-Aug",201408
2014-08-03 00:00:00.000,20140803,2014,3,"Q3","2014-Q3",8,"Aug","2014-Aug",201408,7,"Sunday",2014,3,"FQ3","2014-FQ3",8,"Aug","2014-Aug",201408
2014-08-04 00:00:00.000,20140804,2014,3,"Q3","2014-Q3",8,"Aug","2014-Aug",201408,1,"Monday",2014,3,"FQ3","2014-FQ3",8,"Aug","2014-Aug",201408
2014-08-05 00:00:00.000,20140805,2014,3,"Q3","2014-Q3",8,"Aug","2014-Aug",201408,2,"Tuesday",2014,3,"FQ3","2014-FQ3",8,"Aug","2014-Aug",201408
2014-08-06 00:00:00.000,20140806,2014,3,"Q3","2014-Q3",8,"Aug","2014-Aug",201408,3,"Wednesday",2014,3,"FQ3","2014-FQ3",8,"Aug","2014-Aug",201408
2014-08-07 00:00:00.000,20140807,2014,3,"Q3","2014-Q3",8,"Aug","2014-Aug",201408,4,"Thursday",2014,3,"FQ3","2014-FQ3",8,"Aug","2014-Aug",201408
2014-08-08 00:00:00.000,20140808,2014,3,"Q3","2014-Q3",8,"Aug","2014-Aug",201408,5,"Friday",2014,3,"FQ3","2014-FQ3",8,"Aug","2014-Aug",201408
2014-08-09 00:00:00.000,20140809,2014,3,"Q3","2014-Q3",8,"Aug","2014-Aug",201408,6,"Saturday",2014,3,"FQ3","2014-FQ3",8,"Aug","2014-Aug",201408
2014-08-10 00:00:00.000,20140810,2014,3,"Q3","2014-Q3",8,"Aug","2014-Aug",201408,7,"Sunday",2014,3,"FQ3","2014-FQ3",8,"Aug","2014-Aug",201408
2014-08-11 00:00:00.000,20140811,2014,3,"Q3","2014-Q3",8,"Aug","2014-Aug",201408,1,"Monday",2014,3,"FQ3","2014-FQ3",8,"Aug","2014-Aug",201408
2014-08-12 00:00:00.000,20140812,2014,3,"Q3","2014-Q3",8,"Aug","2014-Aug",201408,2,"Tuesday",2014,3,"FQ3","2014-FQ3",8,"Aug","2014-Aug",201408
2014-08-13 00:00:00.000,20140813,2014,3,"Q3","2014-Q3",8,"Aug","2014-Aug",201408,3,"Wednesday",2014,3,"FQ3","2014-FQ3",8,"Aug","2014-Aug",201408
2014-08-14 00:00:00.000,20140814,2014,3,"Q3","2014-Q3",8,"Aug","2014-Aug",201408,4,"Thursday",2014,3,"FQ3","2014-FQ3",8,"Aug","2014-Aug",201408
2014-08-15 00:00:00.000,20140815,2014,3,"Q3","2014-Q3",8,"Aug","2014-Aug",201408,5,"Friday",2014,3,"FQ3","2014-FQ3",8,"Aug","2014-Aug",201408
2014-08-16 00:00:00.000,20140816,2014,3,"Q3","2014-Q3",8,"Aug","2014-Aug",201408,6,"Saturday",2014,3,"FQ3","2014-FQ3",8,"Aug","2014-Aug",201408
2014-08-17 00:00:00.000,20140817,2014,3,"Q3","2014-Q3",8,"Aug","2014-Aug",201408,7,"Sunday",2014,3,"FQ3","2014-FQ3",8,"Aug","2014-Aug",201408
2014-08-18 00:00:00.000,20140818,2014,3,"Q3","2014-Q3",8,"Aug","2014-Aug",201408,1,"Monday",2014,3,"FQ3","2014-FQ3",8,"Aug","2014-Aug",201408
2014-08-19 00:00:00.000,20140819,2014,3,"Q3","2014-Q3",8,"Aug","2014-Aug",201408,2,"Tuesday",2014,3,"FQ3","2014-FQ3",8,"Aug","2014-Aug",201408
2014-08-20 00:00:00.000,20140820,2014,3,"Q3","2014-Q3",8,"Aug","2014-Aug",201408,3,"Wednesday",2014,3,"FQ3","2014-FQ3",8,"Aug","2014-Aug",201408
2014-08-21 00:00:00.000,20140821,2014,3,"Q3","2014-Q3",8,"Aug","2014-Aug",201408,4,"Thursday",2014,3,"FQ3","2014-FQ3",8,"Aug","2014-Aug",201408
2014-08-22 00:00:00.000,20140822,2014,3,"Q3","2014-Q3",8,"Aug","2014-Aug",201408,5,"Friday",2014,3,"FQ3","2014-FQ3",8,"Aug","2014-Aug",201408
2014-08-23 00:00:00.000,20140823,2014,3,"Q3","2014-Q3",8,"Aug","2014-Aug",201408,6,"Saturday",2014,3,"FQ3","2014-FQ3",8,"Aug","2014-Aug",201408
2014-08-24 00:00:00.000,20140824,2014,3,"Q3","2014-Q3",8,"Aug","2014-Aug",201408,7,"Sunday",2014,3,"FQ3","2014-FQ3",8,"Aug","2014-Aug",201408
2014-08-25 00:00:00.000,20140825,2014,3,"Q3","2014-Q3",8,"Aug","2014-Aug",201408,1,"Monday",2014,3,"FQ3","2014-FQ3",8,"Aug","2014-Aug",201408
2014-08-26 00:00:00.000,20140826,2014,3,"Q3","2014-Q3",8,"Aug","2014-Aug",201408,2,"Tuesday",2014,3,"FQ3","2014-FQ3",8,"Aug","2014-Aug",201408
2014-08-27 00:00:00.000,20140827,2014,3,"Q3","2014-Q3",8,"Aug","2014-Aug",201408,3,"Wednesday",2014,3,"FQ3","2014-FQ3",8,"Aug","2014-Aug",201408
2014-08-28 00:00:00.000,20140828,2014,3,"Q3","2014-Q3",8,"Aug","2014-Aug",201408,4,"Thursday",2014,3,"FQ3","2014-FQ3",8,"Aug","2014-Aug",201408
2014-08-29 00:00:00.000,20140829,2014,3,"Q3","2014-Q3",8,"Aug","2014-Aug",201408,5,"Friday",2014,3,"FQ3","2014-FQ3",8,"Aug","2014-Aug",201408
2014-08-30 00:00:00.000,20140830,2014,3,"Q3","2014-Q3",8,"Aug","2014-Aug",201408,6,"Saturday",2014,3,"FQ3","2014-FQ3",8,"Aug","2014-Aug",201408
2014-08-31 00:00:00.000,20140831,2014,3,"Q3","2014-Q3",8,"Aug","2014-Aug",201408,7,"Sunday",2014,3,"FQ3","2014-FQ3",8,"Aug","2014-Aug",201408
2015-08-01 00:00:00.000,20150801,2015,3,"Q3","2015-Q3",8,"Aug","2015-Aug",201508,6,"Saturday",2015,3,"FQ3","2015-FQ3",8,"Aug","2015-Aug",201508
2015-08-02 00:00:00.000,20150802,2015,3,"Q3","2015-Q3",8,"Aug","2015-Aug",201508,7,"Sunday",2015,3,"FQ3","2015-FQ3",8,"Aug","2015-Aug",201508
2015-08-03 00:00:00.000,20150803,2015,3,"Q3","2015-Q3",8,"Aug","2015-Aug",201508,1,"Monday",2015,3,"FQ3","2015-FQ3",8,"Aug","2015-Aug",201508
2015-08-04 00:00:00.000,20150804,2015,3,"Q3","2015-Q3",8,"Aug","2015-Aug",201508,2,"Tuesday",2015,3,"FQ3","2015-FQ3",8,"Aug","2015-Aug",201508
2015-08-05 00:00:00.000,20150805,2015,3,"Q3","2015-Q3",8,"Aug","2015-Aug",201508,3,"Wednesday",2015,3,"FQ3","2015-FQ3",8,"Aug","2015-Aug",201508
2015-08-06 00:00:00.000,20150806,2015,3,"Q3","2015-Q3",8,"Aug","2015-Aug",201508,4,"Thursday",2015,3,"FQ3","2015-FQ3",8,"Aug","2015-Aug",201508
2015-08-07 00:00:00.000,20150807,2015,3,"Q3","2015-Q3",8,"Aug","2015-Aug",201508,5,"Friday",2015,3,"FQ3","2015-FQ3",8,"Aug","2015-Aug",201508
2015-08-08 00:00:00.000,20150808,2015,3,"Q3","2015-Q3",8,"Aug","2015-Aug",201508,6,"Saturday",2015,3,"FQ3","2015-FQ3",8,"Aug","2015-Aug",201508
2015-08-09 00:00:00.000,20150809,2015,3,"Q3","2015-Q3",8,"Aug","2015-Aug",201508,7,"Sunday",2015,3,"FQ3","2015-FQ3",8,"Aug","2015-Aug",201508
2015-08-10 00:00:00.000,20150810,2015,3,"Q3","2015-Q3",8,"Aug","2015-Aug",201508,1,"Monday",2015,3,"FQ3","2015-FQ3",8,"Aug","2015-Aug",201508
2015-08-11 00:00:00.000,20150811,2015,3,"Q3","2015-Q3",8,"Aug","2015-Aug",201508,2,"Tuesday",2015,3,"FQ3","2015-FQ3",8,"Aug","2015-Aug",201508
2015-08-12 00:00:00.000,20150812,2015,3,"Q3","2015-Q3",8,"Aug","2015-Aug",201508,3,"Wednesday",2015,3,"FQ3","2015-FQ3",8,"Aug","2015-Aug",201508
2015-08-13 00:00:00.000,20150813,2015,3,"Q3","2015-Q3",8,"Aug","2015-Aug",201508,4,"Thursday",2015,3,"FQ3","2015-FQ3",8,"Aug","2015-Aug",201508
2015-08-14 00:00:00.000,20150814,2015,3,"Q3","2015-Q3",8,"Aug","2015-Aug",201508,5,"Friday",2015,3,"FQ3","2015-FQ3",8,"Aug","2015-Aug",201508
2015-08-15 00:00:00.000,20150815,2015,3,"Q3","2015-Q3",8,"Aug","2015-Aug",201508,6,"Saturday",2015,3,"FQ3","2015-FQ3",8,"Aug","2015-Aug",201508
2015-08-16 00:00:00.000,20150816,2015,3,"Q3","2015-Q3",8,"Aug","2015-Aug",201508,7,"Sunday",2015,3,"FQ3","2015-FQ3",8,"Aug","2015-Aug",201508
2015-08-17 00:00:00.000,20150817,2015,3,"Q3","2015-Q3",8,"Aug","2015-Aug",201508,1,"Monday",2015,3,"FQ3","2015-FQ3",8,"Aug","2015-Aug",201508
2015-08-18 00:00:00.000,20150818,2015,3,"Q3","2015-Q3",8,"Aug","2015-Aug",201508,2,"Tuesday",2015,3,"FQ3","2015-FQ3",8,"Aug","2015-Aug",201508
2015-08-19 00:00:00.000,20150819,2015,3,"Q3","2015-Q3",8,"Aug","2015-Aug",201508,3,"Wednesday",2015,3,"FQ3","2015-FQ3",8,"Aug","2015-Aug",201508
2015-08-20 00:00:00.000,20150820,2015,3,"Q3","2015-Q3",8,"Aug","2015-Aug",201508,4,"Thursday",2015,3,"FQ3","2015-FQ3",8,"Aug","2015-Aug",201508
2015-08-21 00:00:00.000,20150821,2015,3,"Q3","2015-Q3",8,"Aug","2015-Aug",201508,5,"Friday",2015,3,"FQ3","2015-FQ3",8,"Aug","2015-Aug",201508
2015-08-22 00:00:00.000,20150822,2015,3,"Q3","2015-Q3",8,"Aug","2015-Aug",201508,6,"Saturday",2015,3,"FQ3","2015-FQ3",8,"Aug","2015-Aug",201508
2015-08-23 00:00:00.000,20150823,2015,3,"Q3","2015-Q3",8,"Aug","2015-Aug",201508,7,"Sunday",2015,3,"FQ3","2015-FQ3",8,"Aug","2015-Aug",201508
2015-08-24 00:00:00.000,20150824,2015,3,"Q3","2015-Q3",8,"Aug","2015-Aug",201508,1,"Monday",2015,3,"FQ3","2015-FQ3",8,"Aug","2015-Aug",201508
2015-08-25 00:00:00.000,20150825,2015,3,"Q3","2015-Q3",8,"Aug","2015-Aug",201508,2,"Tuesday",2015,3,"FQ3","2015-FQ3",8,"Aug","2015-Aug",201508
2015-08-26 00:00:00.000,20150826,2015,3,"Q3","2015-Q3",8,"Aug","2015-Aug",201508,3,"Wednesday",2015,3,"FQ3","2015-FQ3",8,"Aug","2015-Aug",201508
2015-08-27 00:00:00.000,20150827,2015,3,"Q3","2015-Q3",8,"Aug","2015-Aug",201508,4,"Thursday",2015,3,"FQ3","2015-FQ3",8,"Aug","2015-Aug",201508
2015-08-28 00:00:00.000,20150828,2015,3,"Q3","2015-Q3",8,"Aug","2015-Aug",201508,5,"Friday",2015,3,"FQ3","2015-FQ3",8,"Aug","2015-Aug",201508
2015-08-29 00:00:00.000,20150829,2015,3,"Q3","2015-Q3",8,"Aug","2015-Aug",201508,6,"Saturday",2015,3,"FQ3","2015-FQ3",8,"Aug","2015-Aug",201508
2015-08-30 00:00:00.000,20150830,2015,3,"Q3","2015-Q3",8,"Aug","2015-Aug",201508,7,"Sunday",2015,3,"FQ3","2015-FQ3",8,"Aug","2015-Aug",201508
2015-08-31 00:00:00.000,20150831,2015,3,"Q3","2015-Q3",8,"Aug","2015-Aug",201508,1,"Monday",2015,3,"FQ3","2015-FQ3",8,"Aug","2015-Aug",201508
2012-09-01 00:00:00.000,20120901,2012,3,"Q3","2012-Q3",9,"Sep","2012-Sep",201209,6,"Saturday",2012,3,"FQ3","2012-FQ3",9,"Sep","2012-Sep",201209
2012-09-02 00:00:00.000,20120902,2012,3,"Q3","2012-Q3",9,"Sep","2012-Sep",201209,7,"Sunday",2012,3,"FQ3","2012-FQ3",9,"Sep","2012-Sep",201209
2012-09-03 00:00:00.000,20120903,2012,3,"Q3","2012-Q3",9,"Sep","2012-Sep",201209,1,"Monday",2012,3,"FQ3","2012-FQ3",9,"Sep","2012-Sep",201209
2012-09-04 00:00:00.000,20120904,2012,3,"Q3","2012-Q3",9,"Sep","2012-Sep",201209,2,"Tuesday",2012,3,"FQ3","2012-FQ3",9,"Sep","2012-Sep",201209
2012-09-05 00:00:00.000,20120905,2012,3,"Q3","2012-Q3",9,"Sep","2012-Sep",201209,3,"Wednesday",2012,3,"FQ3","2012-FQ3",9,"Sep","2012-Sep",201209
2012-09-06 00:00:00.000,20120906,2012,3,"Q3","2012-Q3",9,"Sep","2012-Sep",201209,4,"Thursday",2012,3,"FQ3","2012-FQ3",9,"Sep","2012-Sep",201209
2012-09-07 00:00:00.000,20120907,2012,3,"Q3","2012-Q3",9,"Sep","2012-Sep",201209,5,"Friday",2012,3,"FQ3","2012-FQ3",9,"Sep","2012-Sep",201209
2012-09-08 00:00:00.000,20120908,2012,3,"Q3","2012-Q3",9,"Sep","2012-Sep",201209,6,"Saturday",2012,3,"FQ3","2012-FQ3",9,"Sep","2012-Sep",201209
2012-09-09 00:00:00.000,20120909,2012,3,"Q3","2012-Q3",9,"Sep","2012-Sep",201209,7,"Sunday",2012,3,"FQ3","2012-FQ3",9,"Sep","2012-Sep",201209
2012-09-10 00:00:00.000,20120910,2012,3,"Q3","2012-Q3",9,"Sep","2012-Sep",201209,1,"Monday",2012,3,"FQ3","2012-FQ3",9,"Sep","2012-Sep",201209
2012-09-11 00:00:00.000,20120911,2012,3,"Q3","2012-Q3",9,"Sep","2012-Sep",201209,2,"Tuesday",2012,3,"FQ3","2012-FQ3",9,"Sep","2012-Sep",201209
2012-09-12 00:00:00.000,20120912,2012,3,"Q3","2012-Q3",9,"Sep","2012-Sep",201209,3,"Wednesday",2012,3,"FQ3","2012-FQ3",9,"Sep","2012-Sep",201209
2012-09-13 00:00:00.000,20120913,2012,3,"Q3","2012-Q3",9,"Sep","2012-Sep",201209,4,"Thursday",2012,3,"FQ3","2012-FQ3",9,"Sep","2012-Sep",201209
2012-09-14 00:00:00.000,20120914,2012,3,"Q3","2012-Q3",9,"Sep","2012-Sep",201209,5,"Friday",2012,3,"FQ3","2012-FQ3",9,"Sep","2012-Sep",201209
2012-09-15 00:00:00.000,20120915,2012,3,"Q3","2012-Q3",9,"Sep","2012-Sep",201209,6,"Saturday",2012,3,"FQ3","2012-FQ3",9,"Sep","2012-Sep",201209
2012-09-16 00:00:00.000,20120916,2012,3,"Q3","2012-Q3",9,"Sep","2012-Sep",201209,7,"Sunday",2012,3,"FQ3","2012-FQ3",9,"Sep","2012-Sep",201209
2012-09-17 00:00:00.000,20120917,2012,3,"Q3","2012-Q3",9,"Sep","2012-Sep",201209,1,"Monday",2012,3,"FQ3","2012-FQ3",9,"Sep","2012-Sep",201209
2012-09-18 00:00:00.000,20120918,2012,3,"Q3","2012-Q3",9,"Sep","2012-Sep",201209,2,"Tuesday",2012,3,"FQ3","2012-FQ3",9,"Sep","2012-Sep",201209
2012-09-19 00:00:00.000,20120919,2012,3,"Q3","2012-Q3",9,"Sep","2012-Sep",201209,3,"Wednesday",2012,3,"FQ3","2012-FQ3",9,"Sep","2012-Sep",201209
2012-09-20 00:00:00.000,20120920,2012,3,"Q3","2012-Q3",9,"Sep","2012-Sep",201209,4,"Thursday",2012,3,"FQ3","2012-FQ3",9,"Sep","2012-Sep",201209
2012-09-21 00:00:00.000,20120921,2012,3,"Q3","2012-Q3",9,"Sep","2012-Sep",201209,5,"Friday",2012,3,"FQ3","2012-FQ3",9,"Sep","2012-Sep",201209
2012-09-22 00:00:00.000,20120922,2012,3,"Q3","2012-Q3",9,"Sep","2012-Sep",201209,6,"Saturday",2012,3,"FQ3","2012-FQ3",9,"Sep","2012-Sep",201209
2012-09-23 00:00:00.000,20120923,2012,3,"Q3","2012-Q3",9,"Sep","2012-Sep",201209,7,"Sunday",2012,3,"FQ3","2012-FQ3",9,"Sep","2012-Sep",201209
2012-09-24 00:00:00.000,20120924,2012,3,"Q3","2012-Q3",9,"Sep","2012-Sep",201209,1,"Monday",2012,3,"FQ3","2012-FQ3",9,"Sep","2012-Sep",201209
2012-09-25 00:00:00.000,20120925,2012,3,"Q3","2012-Q3",9,"Sep","2012-Sep",201209,2,"Tuesday",2012,3,"FQ3","2012-FQ3",9,"Sep","2012-Sep",201209
2012-09-26 00:00:00.000,20120926,2012,3,"Q3","2012-Q3",9,"Sep","2012-Sep",201209,3,"Wednesday",2012,3,"FQ3","2012-FQ3",9,"Sep","2012-Sep",201209
2012-09-27 00:00:00.000,20120927,2012,3,"Q3","2012-Q3",9,"Sep","2012-Sep",201209,4,"Thursday",2012,3,"FQ3","2012-FQ3",9,"Sep","2012-Sep",201209
2012-09-28 00:00:00.000,20120928,2012,3,"Q3","2012-Q3",9,"Sep","2012-Sep",201209,5,"Friday",2012,3,"FQ3","2012-FQ3",9,"Sep","2012-Sep",201209
2012-09-29 00:00:00.000,20120929,2012,3,"Q3","2012-Q3",9,"Sep","2012-Sep",201209,6,"Saturday",2012,3,"FQ3","2012-FQ3",9,"Sep","2012-Sep",201209
2012-09-30 00:00:00.000,20120930,2012,3,"Q3","2012-Q3",9,"Sep","2012-Sep",201209,7,"Sunday",2012,3,"FQ3","2012-FQ3",9,"Sep","2012-Sep",201209
2013-09-01 00:00:00.000,20130901,2013,3,"Q3","2013-Q3",9,"Sep","2013-Sep",201309,7,"Sunday",2013,3,"FQ3","2013-FQ3",9,"Sep","2013-Sep",201309
2013-09-02 00:00:00.000,20130902,2013,3,"Q3","2013-Q3",9,"Sep","2013-Sep",201309,1,"Monday",2013,3,"FQ3","2013-FQ3",9,"Sep","2013-Sep",201309
2013-09-03 00:00:00.000,20130903,2013,3,"Q3","2013-Q3",9,"Sep","2013-Sep",201309,2,"Tuesday",2013,3,"FQ3","2013-FQ3",9,"Sep","2013-Sep",201309
2013-09-04 00:00:00.000,20130904,2013,3,"Q3","2013-Q3",9,"Sep","2013-Sep",201309,3,"Wednesday",2013,3,"FQ3","2013-FQ3",9,"Sep","2013-Sep",201309
2013-09-05 00:00:00.000,20130905,2013,3,"Q3","2013-Q3",9,"Sep","2013-Sep",201309,4,"Thursday",2013,3,"FQ3","2013-FQ3",9,"Sep","2013-Sep",201309
2013-09-06 00:00:00.000,20130906,2013,3,"Q3","2013-Q3",9,"Sep","2013-Sep",201309,5,"Friday",2013,3,"FQ3","2013-FQ3",9,"Sep","2013-Sep",201309
2013-09-07 00:00:00.000,20130907,2013,3,"Q3","2013-Q3",9,"Sep","2013-Sep",201309,6,"Saturday",2013,3,"FQ3","2013-FQ3",9,"Sep","2013-Sep",201309
2013-09-08 00:00:00.000,20130908,2013,3,"Q3","2013-Q3",9,"Sep","2013-Sep",201309,7,"Sunday",2013,3,"FQ3","2013-FQ3",9,"Sep","2013-Sep",201309
2013-09-09 00:00:00.000,20130909,2013,3,"Q3","2013-Q3",9,"Sep","2013-Sep",201309,1,"Monday",2013,3,"FQ3","2013-FQ3",9,"Sep","2013-Sep",201309
2013-09-10 00:00:00.000,20130910,2013,3,"Q3","2013-Q3",9,"Sep","2013-Sep",201309,2,"Tuesday",2013,3,"FQ3","2013-FQ3",9,"Sep","2013-Sep",201309
2013-09-11 00:00:00.000,20130911,2013,3,"Q3","2013-Q3",9,"Sep","2013-Sep",201309,3,"Wednesday",2013,3,"FQ3","2013-FQ3",9,"Sep","2013-Sep",201309
2013-09-12 00:00:00.000,20130912,2013,3,"Q3","2013-Q3",9,"Sep","2013-Sep",201309,4,"Thursday",2013,3,"FQ3","2013-FQ3",9,"Sep","2013-Sep",201309
2013-09-13 00:00:00.000,20130913,2013,3,"Q3","2013-Q3",9,"Sep","2013-Sep",201309,5,"Friday",2013,3,"FQ3","2013-FQ3",9,"Sep","2013-Sep",201309
2013-09-14 00:00:00.000,20130914,2013,3,"Q3","2013-Q3",9,"Sep","2013-Sep",201309,6,"Saturday",2013,3,"FQ3","2013-FQ3",9,"Sep","2013-Sep",201309
2013-09-15 00:00:00.000,20130915,2013,3,"Q3","2013-Q3",9,"Sep","2013-Sep",201309,7,"Sunday",2013,3,"FQ3","2013-FQ3",9,"Sep","2013-Sep",201309
2013-09-16 00:00:00.000,20130916,2013,3,"Q3","2013-Q3",9,"Sep","2013-Sep",201309,1,"Monday",2013,3,"FQ3","2013-FQ3",9,"Sep","2013-Sep",201309
2013-09-17 00:00:00.000,20130917,2013,3,"Q3","2013-Q3",9,"Sep","2013-Sep",201309,2,"Tuesday",2013,3,"FQ3","2013-FQ3",9,"Sep","2013-Sep",201309
2013-09-18 00:00:00.000,20130918,2013,3,"Q3","2013-Q3",9,"Sep","2013-Sep",201309,3,"Wednesday",2013,3,"FQ3","2013-FQ3",9,"Sep","2013-Sep",201309
2013-09-19 00:00:00.000,20130919,2013,3,"Q3","2013-Q3",9,"Sep","2013-Sep",201309,4,"Thursday",2013,3,"FQ3","2013-FQ3",9,"Sep","2013-Sep",201309
2013-09-20 00:00:00.000,20130920,2013,3,"Q3","2013-Q3",9,"Sep","2013-Sep",201309,5,"Friday",2013,3,"FQ3","2013-FQ3",9,"Sep","2013-Sep",201309
2013-09-21 00:00:00.000,20130921,2013,3,"Q3","2013-Q3",9,"Sep","2013-Sep",201309,6,"Saturday",2013,3,"FQ3","2013-FQ3",9,"Sep","2013-Sep",201309
2013-09-22 00:00:00.000,20130922,2013,3,"Q3","2013-Q3",9,"Sep","2013-Sep",201309,7,"Sunday",2013,3,"FQ3","2013-FQ3",9,"Sep","2013-Sep",201309
2013-09-23 00:00:00.000,20130923,2013,3,"Q3","2013-Q3",9,"Sep","2013-Sep",201309,1,"Monday",2013,3,"FQ3","2013-FQ3",9,"Sep","2013-Sep",201309
2013-09-24 00:00:00.000,20130924,2013,3,"Q3","2013-Q3",9,"Sep","2013-Sep",201309,2,"Tuesday",2013,3,"FQ3","2013-FQ3",9,"Sep","2013-Sep",201309
2013-09-25 00:00:00.000,20130925,2013,3,"Q3","2013-Q3",9,"Sep","2013-Sep",201309,3,"Wednesday",2013,3,"FQ3","2013-FQ3",9,"Sep","2013-Sep",201309
2013-09-26 00:00:00.000,20130926,2013,3,"Q3","2013-Q3",9,"Sep","2013-Sep",201309,4,"Thursday",2013,3,"FQ3","2013-FQ3",9,"Sep","2013-Sep",201309
2013-09-27 00:00:00.000,20130927,2013,3,"Q3","2013-Q3",9,"Sep","2013-Sep",201309,5,"Friday",2013,3,"FQ3","2013-FQ3",9,"Sep","2013-Sep",201309
2013-09-28 00:00:00.000,20130928,2013,3,"Q3","2013-Q3",9,"Sep","2013-Sep",201309,6,"Saturday",2013,3,"FQ3","2013-FQ3",9,"Sep","2013-Sep",201309
2013-09-29 00:00:00.000,20130929,2013,3,"Q3","2013-Q3",9,"Sep","2013-Sep",201309,7,"Sunday",2013,3,"FQ3","2013-FQ3",9,"Sep","2013-Sep",201309
2013-09-30 00:00:00.000,20130930,2013,3,"Q3","2013-Q3",9,"Sep","2013-Sep",201309,1,"Monday",2013,3,"FQ3","2013-FQ3",9,"Sep","2013-Sep",201309
2014-09-01 00:00:00.000,20140901,2014,3,"Q3","2014-Q3",9,"Sep","2014-Sep",201409,1,"Monday",2014,3,"FQ3","2014-FQ3",9,"Sep","2014-Sep",201409
2014-09-02 00:00:00.000,20140902,2014,3,"Q3","2014-Q3",9,"Sep","2014-Sep",201409,2,"Tuesday",2014,3,"FQ3","2014-FQ3",9,"Sep","2014-Sep",201409
2014-09-03 00:00:00.000,20140903,2014,3,"Q3","2014-Q3",9,"Sep","2014-Sep",201409,3,"Wednesday",2014,3,"FQ3","2014-FQ3",9,"Sep","2014-Sep",201409
2014-09-04 00:00:00.000,20140904,2014,3,"Q3","2014-Q3",9,"Sep","2014-Sep",201409,4,"Thursday",2014,3,"FQ3","2014-FQ3",9,"Sep","2014-Sep",201409
2014-09-05 00:00:00.000,20140905,2014,3,"Q3","2014-Q3",9,"Sep","2014-Sep",201409,5,"Friday",2014,3,"FQ3","2014-FQ3",9,"Sep","2014-Sep",201409
2014-09-06 00:00:00.000,20140906,2014,3,"Q3","2014-Q3",9,"Sep","2014-Sep",201409,6,"Saturday",2014,3,"FQ3","2014-FQ3",9,"Sep","2014-Sep",201409
2014-09-07 00:00:00.000,20140907,2014,3,"Q3","2014-Q3",9,"Sep","2014-Sep",201409,7,"Sunday",2014,3,"FQ3","2014-FQ3",9,"Sep","2014-Sep",201409
2014-09-08 00:00:00.000,20140908,2014,3,"Q3","2014-Q3",9,"Sep","2014-Sep",201409,1,"Monday",2014,3,"FQ3","2014-FQ3",9,"Sep","2014-Sep",201409
2014-09-09 00:00:00.000,20140909,2014,3,"Q3","2014-Q3",9,"Sep","2014-Sep",201409,2,"Tuesday",2014,3,"FQ3","2014-FQ3",9,"Sep","2014-Sep",201409
2014-09-10 00:00:00.000,20140910,2014,3,"Q3","2014-Q3",9,"Sep","2014-Sep",201409,3,"Wednesday",2014,3,"FQ3","2014-FQ3",9,"Sep","2014-Sep",201409
2014-09-11 00:00:00.000,20140911,2014,3,"Q3","2014-Q3",9,"Sep","2014-Sep",201409,4,"Thursday",2014,3,"FQ3","2014-FQ3",9,"Sep","2014-Sep",201409
2014-09-12 00:00:00.000,20140912,2014,3,"Q3","2014-Q3",9,"Sep","2014-Sep",201409,5,"Friday",2014,3,"FQ3","2014-FQ3",9,"Sep","2014-Sep",201409
2014-09-13 00:00:00.000,20140913,2014,3,"Q3","2014-Q3",9,"Sep","2014-Sep",201409,6,"Saturday",2014,3,"FQ3","2014-FQ3",9,"Sep","2014-Sep",201409
2014-09-14 00:00:00.000,20140914,2014,3,"Q3","2014-Q3",9,"Sep","2014-Sep",201409,7,"Sunday",2014,3,"FQ3","2014-FQ3",9,"Sep","2014-Sep",201409
2014-09-15 00:00:00.000,20140915,2014,3,"Q3","2014-Q3",9,"Sep","2014-Sep",201409,1,"Monday",2014,3,"FQ3","2014-FQ3",9,"Sep","2014-Sep",201409
2014-09-16 00:00:00.000,20140916,2014,3,"Q3","2014-Q3",9,"Sep","2014-Sep",201409,2,"Tuesday",2014,3,"FQ3","2014-FQ3",9,"Sep","2014-Sep",201409
2014-09-17 00:00:00.000,20140917,2014,3,"Q3","2014-Q3",9,"Sep","2014-Sep",201409,3,"Wednesday",2014,3,"FQ3","2014-FQ3",9,"Sep","2014-Sep",201409
2014-09-18 00:00:00.000,20140918,2014,3,"Q3","2014-Q3",9,"Sep","2014-Sep",201409,4,"Thursday",2014,3,"FQ3","2014-FQ3",9,"Sep","2014-Sep",201409
2014-09-19 00:00:00.000,20140919,2014,3,"Q3","2014-Q3",9,"Sep","2014-Sep",201409,5,"Friday",2014,3,"FQ3","2014-FQ3",9,"Sep","2014-Sep",201409
2014-09-20 00:00:00.000,20140920,2014,3,"Q3","2014-Q3",9,"Sep","2014-Sep",201409,6,"Saturday",2014,3,"FQ3","2014-FQ3",9,"Sep","2014-Sep",201409
2014-09-21 00:00:00.000,20140921,2014,3,"Q3","2014-Q3",9,"Sep","2014-Sep",201409,7,"Sunday",2014,3,"FQ3","2014-FQ3",9,"Sep","2014-Sep",201409
2014-09-22 00:00:00.000,20140922,2014,3,"Q3","2014-Q3",9,"Sep","2014-Sep",201409,1,"Monday",2014,3,"FQ3","2014-FQ3",9,"Sep","2014-Sep",201409
2014-09-23 00:00:00.000,20140923,2014,3,"Q3","2014-Q3",9,"Sep","2014-Sep",201409,2,"Tuesday",2014,3,"FQ3","2014-FQ3",9,"Sep","2014-Sep",201409
2014-09-24 00:00:00.000,20140924,2014,3,"Q3","2014-Q3",9,"Sep","2014-Sep",201409,3,"Wednesday",2014,3,"FQ3","2014-FQ3",9,"Sep","2014-Sep",201409
2014-09-25 00:00:00.000,20140925,2014,3,"Q3","2014-Q3",9,"Sep","2014-Sep",201409,4,"Thursday",2014,3,"FQ3","2014-FQ3",9,"Sep","2014-Sep",201409
2014-09-26 00:00:00.000,20140926,2014,3,"Q3","2014-Q3",9,"Sep","2014-Sep",201409,5,"Friday",2014,3,"FQ3","2014-FQ3",9,"Sep","2014-Sep",201409
2014-09-27 00:00:00.000,20140927,2014,3,"Q3","2014-Q3",9,"Sep","2014-Sep",201409,6,"Saturday",2014,3,"FQ3","2014-FQ3",9,"Sep","2014-Sep",201409
2014-09-28 00:00:00.000,20140928,2014,3,"Q3","2014-Q3",9,"Sep","2014-Sep",201409,7,"Sunday",2014,3,"FQ3","2014-FQ3",9,"Sep","2014-Sep",201409
2014-09-29 00:00:00.000,20140929,2014,3,"Q3","2014-Q3",9,"Sep","2014-Sep",201409,1,"Monday",2014,3,"FQ3","2014-FQ3",9,"Sep","2014-Sep",201409
2014-09-30 00:00:00.000,20140930,2014,3,"Q3","2014-Q3",9,"Sep","2014-Sep",201409,2,"Tuesday",2014,3,"FQ3","2014-FQ3",9,"Sep","2014-Sep",201409
2015-09-01 00:00:00.000,20150901,2015,3,"Q3","2015-Q3",9,"Sep","2015-Sep",201509,2,"Tuesday",2015,3,"FQ3","2015-FQ3",9,"Sep","2015-Sep",201509
2015-09-02 00:00:00.000,20150902,2015,3,"Q3","2015-Q3",9,"Sep","2015-Sep",201509,3,"Wednesday",2015,3,"FQ3","2015-FQ3",9,"Sep","2015-Sep",201509
2015-09-03 00:00:00.000,20150903,2015,3,"Q3","2015-Q3",9,"Sep","2015-Sep",201509,4,"Thursday",2015,3,"FQ3","2015-FQ3",9,"Sep","2015-Sep",201509
2015-09-04 00:00:00.000,20150904,2015,3,"Q3","2015-Q3",9,"Sep","2015-Sep",201509,5,"Friday",2015,3,"FQ3","2015-FQ3",9,"Sep","2015-Sep",201509
2015-09-05 00:00:00.000,20150905,2015,3,"Q3","2015-Q3",9,"Sep","2015-Sep",201509,6,"Saturday",2015,3,"FQ3","2015-FQ3",9,"Sep","2015-Sep",201509
2015-09-06 00:00:00.000,20150906,2015,3,"Q3","2015-Q3",9,"Sep","2015-Sep",201509,7,"Sunday",2015,3,"FQ3","2015-FQ3",9,"Sep","2015-Sep",201509
2015-09-07 00:00:00.000,20150907,2015,3,"Q3","2015-Q3",9,"Sep","2015-Sep",201509,1,"Monday",2015,3,"FQ3","2015-FQ3",9,"Sep","2015-Sep",201509
2015-09-08 00:00:00.000,20150908,2015,3,"Q3","2015-Q3",9,"Sep","2015-Sep",201509,2,"Tuesday",2015,3,"FQ3","2015-FQ3",9,"Sep","2015-Sep",201509
2015-09-09 00:00:00.000,20150909,2015,3,"Q3","2015-Q3",9,"Sep","2015-Sep",201509,3,"Wednesday",2015,3,"FQ3","2015-FQ3",9,"Sep","2015-Sep",201509
2015-09-10 00:00:00.000,20150910,2015,3,"Q3","2015-Q3",9,"Sep","2015-Sep",201509,4,"Thursday",2015,3,"FQ3","2015-FQ3",9,"Sep","2015-Sep",201509
2015-09-11 00:00:00.000,20150911,2015,3,"Q3","2015-Q3",9,"Sep","2015-Sep",201509,5,"Friday",2015,3,"FQ3","2015-FQ3",9,"Sep","2015-Sep",201509
2015-09-12 00:00:00.000,20150912,2015,3,"Q3","2015-Q3",9,"Sep","2015-Sep",201509,6,"Saturday",2015,3,"FQ3","2015-FQ3",9,"Sep","2015-Sep",201509
2015-09-13 00:00:00.000,20150913,2015,3,"Q3","2015-Q3",9,"Sep","2015-Sep",201509,7,"Sunday",2015,3,"FQ3","2015-FQ3",9,"Sep","2015-Sep",201509
2015-09-14 00:00:00.000,20150914,2015,3,"Q3","2015-Q3",9,"Sep","2015-Sep",201509,1,"Monday",2015,3,"FQ3","2015-FQ3",9,"Sep","2015-Sep",201509
2015-09-15 00:00:00.000,20150915,2015,3,"Q3","2015-Q3",9,"Sep","2015-Sep",201509,2,"Tuesday",2015,3,"FQ3","2015-FQ3",9,"Sep","2015-Sep",201509
2015-09-16 00:00:00.000,20150916,2015,3,"Q3","2015-Q3",9,"Sep","2015-Sep",201509,3,"Wednesday",2015,3,"FQ3","2015-FQ3",9,"Sep","2015-Sep",201509
2015-09-17 00:00:00.000,20150917,2015,3,"Q3","2015-Q3",9,"Sep","2015-Sep",201509,4,"Thursday",2015,3,"FQ3","2015-FQ3",9,"Sep","2015-Sep",201509
2015-09-18 00:00:00.000,20150918,2015,3,"Q3","2015-Q3",9,"Sep","2015-Sep",201509,5,"Friday",2015,3,"FQ3","2015-FQ3",9,"Sep","2015-Sep",201509
2015-09-19 00:00:00.000,20150919,2015,3,"Q3","2015-Q3",9,"Sep","2015-Sep",201509,6,"Saturday",2015,3,"FQ3","2015-FQ3",9,"Sep","2015-Sep",201509
2015-09-20 00:00:00.000,20150920,2015,3,"Q3","2015-Q3",9,"Sep","2015-Sep",201509,7,"Sunday",2015,3,"FQ3","2015-FQ3",9,"Sep","2015-Sep",201509
2015-09-21 00:00:00.000,20150921,2015,3,"Q3","2015-Q3",9,"Sep","2015-Sep",201509,1,"Monday",2015,3,"FQ3","2015-FQ3",9,"Sep","2015-Sep",201509
2015-09-22 00:00:00.000,20150922,2015,3,"Q3","2015-Q3",9,"Sep","2015-Sep",201509,2,"Tuesday",2015,3,"FQ3","2015-FQ3",9,"Sep","2015-Sep",201509
2015-09-23 00:00:00.000,20150923,2015,3,"Q3","2015-Q3",9,"Sep","2015-Sep",201509,3,"Wednesday",2015,3,"FQ3","2015-FQ3",9,"Sep","2015-Sep",201509
2015-09-24 00:00:00.000,20150924,2015,3,"Q3","2015-Q3",9,"Sep","2015-Sep",201509,4,"Thursday",2015,3,"FQ3","2015-FQ3",9,"Sep","2015-Sep",201509
2015-09-25 00:00:00.000,20150925,2015,3,"Q3","2015-Q3",9,"Sep","2015-Sep",201509,5,"Friday",2015,3,"FQ3","2015-FQ3",9,"Sep","2015-Sep",201509
2015-09-26 00:00:00.000,20150926,2015,3,"Q3","2015-Q3",9,"Sep","2015-Sep",201509,6,"Saturday",2015,3,"FQ3","2015-FQ3",9,"Sep","2015-Sep",201509
2015-09-27 00:00:00.000,20150927,2015,3,"Q3","2015-Q3",9,"Sep","2015-Sep",201509,7,"Sunday",2015,3,"FQ3","2015-FQ3",9,"Sep","2015-Sep",201509
2015-09-28 00:00:00.000,20150928,2015,3,"Q3","2015-Q3",9,"Sep","2015-Sep",201509,1,"Monday",2015,3,"FQ3","2015-FQ3",9,"Sep","2015-Sep",201509
2015-09-29 00:00:00.000,20150929,2015,3,"Q3","2015-Q3",9,"Sep","2015-Sep",201509,2,"Tuesday",2015,3,"FQ3","2015-FQ3",9,"Sep","2015-Sep",201509
2015-09-30 00:00:00.000,20150930,2015,3,"Q3","2015-Q3",9,"Sep","2015-Sep",201509,3,"Wednesday",2015,3,"FQ3","2015-FQ3",9,"Sep","2015-Sep",201509
2012-11-01 00:00:00.000,20121101,2012,4,"Q4","2012-Q4",11,"Nov","2012-Nov",201211,4,"Thursday",2012,4,"FQ4","2012-FQ4",11,"Nov","2012-Nov",201211
2012-11-02 00:00:00.000,20121102,2012,4,"Q4","2012-Q4",11,"Nov","2012-Nov",201211,5,"Friday",2012,4,"FQ4","2012-FQ4",11,"Nov","2012-Nov",201211
2012-11-03 00:00:00.000,20121103,2012,4,"Q4","2012-Q4",11,"Nov","2012-Nov",201211,6,"Saturday",2012,4,"FQ4","2012-FQ4",11,"Nov","2012-Nov",201211
2012-11-04 00:00:00.000,20121104,2012,4,"Q4","2012-Q4",11,"Nov","2012-Nov",201211,7,"Sunday",2012,4,"FQ4","2012-FQ4",11,"Nov","2012-Nov",201211
2012-11-05 00:00:00.000,20121105,2012,4,"Q4","2012-Q4",11,"Nov","2012-Nov",201211,1,"Monday",2012,4,"FQ4","2012-FQ4",11,"Nov","2012-Nov",201211
2012-11-06 00:00:00.000,20121106,2012,4,"Q4","2012-Q4",11,"Nov","2012-Nov",201211,2,"Tuesday",2012,4,"FQ4","2012-FQ4",11,"Nov","2012-Nov",201211
2012-11-07 00:00:00.000,20121107,2012,4,"Q4","2012-Q4",11,"Nov","2012-Nov",201211,3,"Wednesday",2012,4,"FQ4","2012-FQ4",11,"Nov","2012-Nov",201211
2012-11-08 00:00:00.000,20121108,2012,4,"Q4","2012-Q4",11,"Nov","2012-Nov",201211,4,"Thursday",2012,4,"FQ4","2012-FQ4",11,"Nov","2012-Nov",201211
2012-11-09 00:00:00.000,20121109,2012,4,"Q4","2012-Q4",11,"Nov","2012-Nov",201211,5,"Friday",2012,4,"FQ4","2012-FQ4",11,"Nov","2012-Nov",201211
2012-11-10 00:00:00.000,20121110,2012,4,"Q4","2012-Q4",11,"Nov","2012-Nov",201211,6,"Saturday",2012,4,"FQ4","2012-FQ4",11,"Nov","2012-Nov",201211
2012-11-11 00:00:00.000,20121111,2012,4,"Q4","2012-Q4",11,"Nov","2012-Nov",201211,7,"Sunday",2012,4,"FQ4","2012-FQ4",11,"Nov","2012-Nov",201211
2012-11-12 00:00:00.000,20121112,2012,4,"Q4","2012-Q4",11,"Nov","2012-Nov",201211,1,"Monday",2012,4,"FQ4","2012-FQ4",11,"Nov","2012-Nov",201211
2012-11-13 00:00:00.000,20121113,2012,4,"Q4","2012-Q4",11,"Nov","2012-Nov",201211,2,"Tuesday",2012,4,"FQ4","2012-FQ4",11,"Nov","2012-Nov",201211
2012-11-14 00:00:00.000,20121114,2012,4,"Q4","2012-Q4",11,"Nov","2012-Nov",201211,3,"Wednesday",2012,4,"FQ4","2012-FQ4",11,"Nov","2012-Nov",201211
2012-11-15 00:00:00.000,20121115,2012,4,"Q4","2012-Q4",11,"Nov","2012-Nov",201211,4,"Thursday",2012,4,"FQ4","2012-FQ4",11,"Nov","2012-Nov",201211
2012-11-16 00:00:00.000,20121116,2012,4,"Q4","2012-Q4",11,"Nov","2012-Nov",201211,5,"Friday",2012,4,"FQ4","2012-FQ4",11,"Nov","2012-Nov",201211
2012-11-17 00:00:00.000,20121117,2012,4,"Q4","2012-Q4",11,"Nov","2012-Nov",201211,6,"Saturday",2012,4,"FQ4","2012-FQ4",11,"Nov","2012-Nov",201211
2012-11-18 00:00:00.000,20121118,2012,4,"Q4","2012-Q4",11,"Nov","2012-Nov",201211,7,"Sunday",2012,4,"FQ4","2012-FQ4",11,"Nov","2012-Nov",201211
2012-11-19 00:00:00.000,20121119,2012,4,"Q4","2012-Q4",11,"Nov","2012-Nov",201211,1,"Monday",2012,4,"FQ4","2012-FQ4",11,"Nov","2012-Nov",201211
2012-11-20 00:00:00.000,20121120,2012,4,"Q4","2012-Q4",11,"Nov","2012-Nov",201211,2,"Tuesday",2012,4,"FQ4","2012-FQ4",11,"Nov","2012-Nov",201211
2012-11-21 00:00:00.000,20121121,2012,4,"Q4","2012-Q4",11,"Nov","2012-Nov",201211,3,"Wednesday",2012,4,"FQ4","2012-FQ4",11,"Nov","2012-Nov",201211
2012-11-22 00:00:00.000,20121122,2012,4,"Q4","2012-Q4",11,"Nov","2012-Nov",201211,4,"Thursday",2012,4,"FQ4","2012-FQ4",11,"Nov","2012-Nov",201211
2012-11-23 00:00:00.000,20121123,2012,4,"Q4","2012-Q4",11,"Nov","2012-Nov",201211,5,"Friday",2012,4,"FQ4","2012-FQ4",11,"Nov","2012-Nov",201211
2012-11-24 00:00:00.000,20121124,2012,4,"Q4","2012-Q4",11,"Nov","2012-Nov",201211,6,"Saturday",2012,4,"FQ4","2012-FQ4",11,"Nov","2012-Nov",201211
2012-11-25 00:00:00.000,20121125,2012,4,"Q4","2012-Q4",11,"Nov","2012-Nov",201211,7,"Sunday",2012,4,"FQ4","2012-FQ4",11,"Nov","2012-Nov",201211
2012-11-26 00:00:00.000,20121126,2012,4,"Q4","2012-Q4",11,"Nov","2012-Nov",201211,1,"Monday",2012,4,"FQ4","2012-FQ4",11,"Nov","2012-Nov",201211
2012-11-27 00:00:00.000,20121127,2012,4,"Q4","2012-Q4",11,"Nov","2012-Nov",201211,2,"Tuesday",2012,4,"FQ4","2012-FQ4",11,"Nov","2012-Nov",201211
2012-11-28 00:00:00.000,20121128,2012,4,"Q4","2012-Q4",11,"Nov","2012-Nov",201211,3,"Wednesday",2012,4,"FQ4","2012-FQ4",11,"Nov","2012-Nov",201211
2012-11-29 00:00:00.000,20121129,2012,4,"Q4","2012-Q4",11,"Nov","2012-Nov",201211,4,"Thursday",2012,4,"FQ4","2012-FQ4",11,"Nov","2012-Nov",201211
2012-11-30 00:00:00.000,20121130,2012,4,"Q4","2012-Q4",11,"Nov","2012-Nov",201211,5,"Friday",2012,4,"FQ4","2012-FQ4",11,"Nov","2012-Nov",201211
2013-11-01 00:00:00.000,20131101,2013,4,"Q4","2013-Q4",11,"Nov","2013-Nov",201311,5,"Friday",2013,4,"FQ4","2013-FQ4",11,"Nov","2013-Nov",201311
2013-11-02 00:00:00.000,20131102,2013,4,"Q4","2013-Q4",11,"Nov","2013-Nov",201311,6,"Saturday",2013,4,"FQ4","2013-FQ4",11,"Nov","2013-Nov",201311
2013-11-03 00:00:00.000,20131103,2013,4,"Q4","2013-Q4",11,"Nov","2013-Nov",201311,7,"Sunday",2013,4,"FQ4","2013-FQ4",11,"Nov","2013-Nov",201311
2013-11-04 00:00:00.000,20131104,2013,4,"Q4","2013-Q4",11,"Nov","2013-Nov",201311,1,"Monday",2013,4,"FQ4","2013-FQ4",11,"Nov","2013-Nov",201311
2013-11-05 00:00:00.000,20131105,2013,4,"Q4","2013-Q4",11,"Nov","2013-Nov",201311,2,"Tuesday",2013,4,"FQ4","2013-FQ4",11,"Nov","2013-Nov",201311
2013-11-06 00:00:00.000,20131106,2013,4,"Q4","2013-Q4",11,"Nov","2013-Nov",201311,3,"Wednesday",2013,4,"FQ4","2013-FQ4",11,"Nov","2013-Nov",201311
2013-11-07 00:00:00.000,20131107,2013,4,"Q4","2013-Q4",11,"Nov","2013-Nov",201311,4,"Thursday",2013,4,"FQ4","2013-FQ4",11,"Nov","2013-Nov",201311
2013-11-08 00:00:00.000,20131108,2013,4,"Q4","2013-Q4",11,"Nov","2013-Nov",201311,5,"Friday",2013,4,"FQ4","2013-FQ4",11,"Nov","2013-Nov",201311
2013-11-09 00:00:00.000,20131109,2013,4,"Q4","2013-Q4",11,"Nov","2013-Nov",201311,6,"Saturday",2013,4,"FQ4","2013-FQ4",11,"Nov","2013-Nov",201311
2013-11-10 00:00:00.000,20131110,2013,4,"Q4","2013-Q4",11,"Nov","2013-Nov",201311,7,"Sunday",2013,4,"FQ4","2013-FQ4",11,"Nov","2013-Nov",201311
2013-11-11 00:00:00.000,20131111,2013,4,"Q4","2013-Q4",11,"Nov","2013-Nov",201311,1,"Monday",2013,4,"FQ4","2013-FQ4",11,"Nov","2013-Nov",201311
2013-11-12 00:00:00.000,20131112,2013,4,"Q4","2013-Q4",11,"Nov","2013-Nov",201311,2,"Tuesday",2013,4,"FQ4","2013-FQ4",11,"Nov","2013-Nov",201311
2013-11-13 00:00:00.000,20131113,2013,4,"Q4","2013-Q4",11,"Nov","2013-Nov",201311,3,"Wednesday",2013,4,"FQ4","2013-FQ4",11,"Nov","2013-Nov",201311
2013-11-14 00:00:00.000,20131114,2013,4,"Q4","2013-Q4",11,"Nov","2013-Nov",201311,4,"Thursday",2013,4,"FQ4","2013-FQ4",11,"Nov","2013-Nov",201311
2013-11-15 00:00:00.000,20131115,2013,4,"Q4","2013-Q4",11,"Nov","2013-Nov",201311,5,"Friday",2013,4,"FQ4","2013-FQ4",11,"Nov","2013-Nov",201311
2013-11-16 00:00:00.000,20131116,2013,4,"Q4","2013-Q4",11,"Nov","2013-Nov",201311,6,"Saturday",2013,4,"FQ4","2013-FQ4",11,"Nov","2013-Nov",201311
2013-11-17 00:00:00.000,20131117,2013,4,"Q4","2013-Q4",11,"Nov","2013-Nov",201311,7,"Sunday",2013,4,"FQ4","2013-FQ4",11,"Nov","2013-Nov",201311
2013-11-18 00:00:00.000,20131118,2013,4,"Q4","2013-Q4",11,"Nov","2013-Nov",201311,1,"Monday",2013,4,"FQ4","2013-FQ4",11,"Nov","2013-Nov",201311
2013-11-19 00:00:00.000,20131119,2013,4,"Q4","2013-Q4",11,"Nov","2013-Nov",201311,2,"Tuesday",2013,4,"FQ4","2013-FQ4",11,"Nov","2013-Nov",201311
2013-11-20 00:00:00.000,20131120,2013,4,"Q4","2013-Q4",11,"Nov","2013-Nov",201311,3,"Wednesday",2013,4,"FQ4","2013-FQ4",11,"Nov","2013-Nov",201311
2013-11-21 00:00:00.000,20131121,2013,4,"Q4","2013-Q4",11,"Nov","2013-Nov",201311,4,"Thursday",2013,4,"FQ4","2013-FQ4",11,"Nov","2013-Nov",201311
2013-11-22 00:00:00.000,20131122,2013,4,"Q4","2013-Q4",11,"Nov","2013-Nov",201311,5,"Friday",2013,4,"FQ4","2013-FQ4",11,"Nov","2013-Nov",201311
2013-11-23 00:00:00.000,20131123,2013,4,"Q4","2013-Q4",11,"Nov","2013-Nov",201311,6,"Saturday",2013,4,"FQ4","2013-FQ4",11,"Nov","2013-Nov",201311
2013-11-24 00:00:00.000,20131124,2013,4,"Q4","2013-Q4",11,"Nov","2013-Nov",201311,7,"Sunday",2013,4,"FQ4","2013-FQ4",11,"Nov","2013-Nov",201311
2013-11-25 00:00:00.000,20131125,2013,4,"Q4","2013-Q4",11,"Nov","2013-Nov",201311,1,"Monday",2013,4,"FQ4","2013-FQ4",11,"Nov","2013-Nov",201311
2013-11-26 00:00:00.000,20131126,2013,4,"Q4","2013-Q4",11,"Nov","2013-Nov",201311,2,"Tuesday",2013,4,"FQ4","2013-FQ4",11,"Nov","2013-Nov",201311
2013-11-27 00:00:00.000,20131127,2013,4,"Q4","2013-Q4",11,"Nov","2013-Nov",201311,3,"Wednesday",2013,4,"FQ4","2013-FQ4",11,"Nov","2013-Nov",201311
2013-11-28 00:00:00.000,20131128,2013,4,"Q4","2013-Q4",11,"Nov","2013-Nov",201311,4,"Thursday",2013,4,"FQ4","2013-FQ4",11,"Nov","2013-Nov",201311
2013-11-29 00:00:00.000,20131129,2013,4,"Q4","2013-Q4",11,"Nov","2013-Nov",201311,5,"Friday",2013,4,"FQ4","2013-FQ4",11,"Nov","2013-Nov",201311
2013-11-30 00:00:00.000,20131130,2013,4,"Q4","2013-Q4",11,"Nov","2013-Nov",201311,6,"Saturday",2013,4,"FQ4","2013-FQ4",11,"Nov","2013-Nov",201311
2014-11-01 00:00:00.000,20141101,2014,4,"Q4","2014-Q4",11,"Nov","2014-Nov",201411,6,"Saturday",2014,4,"FQ4","2014-FQ4",11,"Nov","2014-Nov",201411
2014-11-02 00:00:00.000,20141102,2014,4,"Q4","2014-Q4",11,"Nov","2014-Nov",201411,7,"Sunday",2014,4,"FQ4","2014-FQ4",11,"Nov","2014-Nov",201411
2014-11-03 00:00:00.000,20141103,2014,4,"Q4","2014-Q4",11,"Nov","2014-Nov",201411,1,"Monday",2014,4,"FQ4","2014-FQ4",11,"Nov","2014-Nov",201411
2014-11-04 00:00:00.000,20141104,2014,4,"Q4","2014-Q4",11,"Nov","2014-Nov",201411,2,"Tuesday",2014,4,"FQ4","2014-FQ4",11,"Nov","2014-Nov",201411
2014-11-05 00:00:00.000,20141105,2014,4,"Q4","2014-Q4",11,"Nov","2014-Nov",201411,3,"Wednesday",2014,4,"FQ4","2014-FQ4",11,"Nov","2014-Nov",201411
2014-11-06 00:00:00.000,20141106,2014,4,"Q4","2014-Q4",11,"Nov","2014-Nov",201411,4,"Thursday",2014,4,"FQ4","2014-FQ4",11,"Nov","2014-Nov",201411
2014-11-07 00:00:00.000,20141107,2014,4,"Q4","2014-Q4",11,"Nov","2014-Nov",201411,5,"Friday",2014,4,"FQ4","2014-FQ4",11,"Nov","2014-Nov",201411
2014-11-08 00:00:00.000,20141108,2014,4,"Q4","2014-Q4",11,"Nov","2014-Nov",201411,6,"Saturday",2014,4,"FQ4","2014-FQ4",11,"Nov","2014-Nov",201411
2014-11-09 00:00:00.000,20141109,2014,4,"Q4","2014-Q4",11,"Nov","2014-Nov",201411,7,"Sunday",2014,4,"FQ4","2014-FQ4",11,"Nov","2014-Nov",201411
2014-11-10 00:00:00.000,20141110,2014,4,"Q4","2014-Q4",11,"Nov","2014-Nov",201411,1,"Monday",2014,4,"FQ4","2014-FQ4",11,"Nov","2014-Nov",201411
2014-11-11 00:00:00.000,20141111,2014,4,"Q4","2014-Q4",11,"Nov","2014-Nov",201411,2,"Tuesday",2014,4,"FQ4","2014-FQ4",11,"Nov","2014-Nov",201411
2014-11-12 00:00:00.000,20141112,2014,4,"Q4","2014-Q4",11,"Nov","2014-Nov",201411,3,"Wednesday",2014,4,"FQ4","2014-FQ4",11,"Nov","2014-Nov",201411
2014-11-13 00:00:00.000,20141113,2014,4,"Q4","2014-Q4",11,"Nov","2014-Nov",201411,4,"Thursday",2014,4,"FQ4","2014-FQ4",11,"Nov","2014-Nov",201411
2014-11-14 00:00:00.000,20141114,2014,4,"Q4","2014-Q4",11,"Nov","2014-Nov",201411,5,"Friday",2014,4,"FQ4","2014-FQ4",11,"Nov","2014-Nov",201411
2014-11-15 00:00:00.000,20141115,2014,4,"Q4","2014-Q4",11,"Nov","2014-Nov",201411,6,"Saturday",2014,4,"FQ4","2014-FQ4",11,"Nov","2014-Nov",201411
2014-11-16 00:00:00.000,20141116,2014,4,"Q4","2014-Q4",11,"Nov","2014-Nov",201411,7,"Sunday",2014,4,"FQ4","2014-FQ4",11,"Nov","2014-Nov",201411
2014-11-17 00:00:00.000,20141117,2014,4,"Q4","2014-Q4",11,"Nov","2014-Nov",201411,1,"Monday",2014,4,"FQ4","2014-FQ4",11,"Nov","2014-Nov",201411
2014-11-18 00:00:00.000,20141118,2014,4,"Q4","2014-Q4",11,"Nov","2014-Nov",201411,2,"Tuesday",2014,4,"FQ4","2014-FQ4",11,"Nov","2014-Nov",201411
2014-11-19 00:00:00.000,20141119,2014,4,"Q4","2014-Q4",11,"Nov","2014-Nov",201411,3,"Wednesday",2014,4,"FQ4","2014-FQ4",11,"Nov","2014-Nov",201411
2014-11-20 00:00:00.000,20141120,2014,4,"Q4","2014-Q4",11,"Nov","2014-Nov",201411,4,"Thursday",2014,4,"FQ4","2014-FQ4",11,"Nov","2014-Nov",201411
2014-11-21 00:00:00.000,20141121,2014,4,"Q4","2014-Q4",11,"Nov","2014-Nov",201411,5,"Friday",2014,4,"FQ4","2014-FQ4",11,"Nov","2014-Nov",201411
2014-11-22 00:00:00.000,20141122,2014,4,"Q4","2014-Q4",11,"Nov","2014-Nov",201411,6,"Saturday",2014,4,"FQ4","2014-FQ4",11,"Nov","2014-Nov",201411
2014-11-23 00:00:00.000,20141123,2014,4,"Q4","2014-Q4",11,"Nov","2014-Nov",201411,7,"Sunday",2014,4,"FQ4","2014-FQ4",11,"Nov","2014-Nov",201411
2014-11-24 00:00:00.000,20141124,2014,4,"Q4","2014-Q4",11,"Nov","2014-Nov",201411,1,"Monday",2014,4,"FQ4","2014-FQ4",11,"Nov","2014-Nov",201411
2014-11-25 00:00:00.000,20141125,2014,4,"Q4","2014-Q4",11,"Nov","2014-Nov",201411,2,"Tuesday",2014,4,"FQ4","2014-FQ4",11,"Nov","2014-Nov",201411
2014-11-26 00:00:00.000,20141126,2014,4,"Q4","2014-Q4",11,"Nov","2014-Nov",201411,3,"Wednesday",2014,4,"FQ4","2014-FQ4",11,"Nov","2014-Nov",201411
2014-11-27 00:00:00.000,20141127,2014,4,"Q4","2014-Q4",11,"Nov","2014-Nov",201411,4,"Thursday",2014,4,"FQ4","2014-FQ4",11,"Nov","2014-Nov",201411
2014-11-28 00:00:00.000,20141128,2014,4,"Q4","2014-Q4",11,"Nov","2014-Nov",201411,5,"Friday",2014,4,"FQ4","2014-FQ4",11,"Nov","2014-Nov",201411
2014-11-29 00:00:00.000,20141129,2014,4,"Q4","2014-Q4",11,"Nov","2014-Nov",201411,6,"Saturday",2014,4,"FQ4","2014-FQ4",11,"Nov","2014-Nov",201411
2014-11-30 00:00:00.000,20141130,2014,4,"Q4","2014-Q4",11,"Nov","2014-Nov",201411,7,"Sunday",2014,4,"FQ4","2014-FQ4",11,"Nov","2014-Nov",201411
2015-11-01 00:00:00.000,20151101,2015,4,"Q4","2015-Q4",11,"Nov","2015-Nov",201511,7,"Sunday",2015,4,"FQ4","2015-FQ4",11,"Nov","2015-Nov",201511
2015-11-02 00:00:00.000,20151102,2015,4,"Q4","2015-Q4",11,"Nov","2015-Nov",201511,1,"Monday",2015,4,"FQ4","2015-FQ4",11,"Nov","2015-Nov",201511
2015-11-03 00:00:00.000,20151103,2015,4,"Q4","2015-Q4",11,"Nov","2015-Nov",201511,2,"Tuesday",2015,4,"FQ4","2015-FQ4",11,"Nov","2015-Nov",201511
2015-11-04 00:00:00.000,20151104,2015,4,"Q4","2015-Q4",11,"Nov","2015-Nov",201511,3,"Wednesday",2015,4,"FQ4","2015-FQ4",11,"Nov","2015-Nov",201511
2015-11-05 00:00:00.000,20151105,2015,4,"Q4","2015-Q4",11,"Nov","2015-Nov",201511,4,"Thursday",2015,4,"FQ4","2015-FQ4",11,"Nov","2015-Nov",201511
2015-11-06 00:00:00.000,20151106,2015,4,"Q4","2015-Q4",11,"Nov","2015-Nov",201511,5,"Friday",2015,4,"FQ4","2015-FQ4",11,"Nov","2015-Nov",201511
2015-11-07 00:00:00.000,20151107,2015,4,"Q4","2015-Q4",11,"Nov","2015-Nov",201511,6,"Saturday",2015,4,"FQ4","2015-FQ4",11,"Nov","2015-Nov",201511
2015-11-08 00:00:00.000,20151108,2015,4,"Q4","2015-Q4",11,"Nov","2015-Nov",201511,7,"Sunday",2015,4,"FQ4","2015-FQ4",11,"Nov","2015-Nov",201511
2015-11-09 00:00:00.000,20151109,2015,4,"Q4","2015-Q4",11,"Nov","2015-Nov",201511,1,"Monday",2015,4,"FQ4","2015-FQ4",11,"Nov","2015-Nov",201511
2015-11-10 00:00:00.000,20151110,2015,4,"Q4","2015-Q4",11,"Nov","2015-Nov",201511,2,"Tuesday",2015,4,"FQ4","2015-FQ4",11,"Nov","2015-Nov",201511
2015-11-11 00:00:00.000,20151111,2015,4,"Q4","2015-Q4",11,"Nov","2015-Nov",201511,3,"Wednesday",2015,4,"FQ4","2015-FQ4",11,"Nov","2015-Nov",201511
2015-11-12 00:00:00.000,20151112,2015,4,"Q4","2015-Q4",11,"Nov","2015-Nov",201511,4,"Thursday",2015,4,"FQ4","2015-FQ4",11,"Nov","2015-Nov",201511
2015-11-13 00:00:00.000,20151113,2015,4,"Q4","2015-Q4",11,"Nov","2015-Nov",201511,5,"Friday",2015,4,"FQ4","2015-FQ4",11,"Nov","2015-Nov",201511
2015-11-14 00:00:00.000,20151114,2015,4,"Q4","2015-Q4",11,"Nov","2015-Nov",201511,6,"Saturday",2015,4,"FQ4","2015-FQ4",11,"Nov","2015-Nov",201511
2015-11-15 00:00:00.000,20151115,2015,4,"Q4","2015-Q4",11,"Nov","2015-Nov",201511,7,"Sunday",2015,4,"FQ4","2015-FQ4",11,"Nov","2015-Nov",201511
2015-11-16 00:00:00.000,20151116,2015,4,"Q4","2015-Q4",11,"Nov","2015-Nov",201511,1,"Monday",2015,4,"FQ4","2015-FQ4",11,"Nov","2015-Nov",201511
2015-11-17 00:00:00.000,20151117,2015,4,"Q4","2015-Q4",11,"Nov","2015-Nov",201511,2,"Tuesday",2015,4,"FQ4","2015-FQ4",11,"Nov","2015-Nov",201511
2015-11-18 00:00:00.000,20151118,2015,4,"Q4","2015-Q4",11,"Nov","2015-Nov",201511,3,"Wednesday",2015,4,"FQ4","2015-FQ4",11,"Nov","2015-Nov",201511
2015-11-19 00:00:00.000,20151119,2015,4,"Q4","2015-Q4",11,"Nov","2015-Nov",201511,4,"Thursday",2015,4,"FQ4","2015-FQ4",11,"Nov","2015-Nov",201511
2015-11-20 00:00:00.000,20151120,2015,4,"Q4","2015-Q4",11,"Nov","2015-Nov",201511,5,"Friday",2015,4,"FQ4","2015-FQ4",11,"Nov","2015-Nov",201511
2015-11-21 00:00:00.000,20151121,2015,4,"Q4","2015-Q4",11,"Nov","2015-Nov",201511,6,"Saturday",2015,4,"FQ4","2015-FQ4",11,"Nov","2015-Nov",201511
2015-11-22 00:00:00.000,20151122,2015,4,"Q4","2015-Q4",11,"Nov","2015-Nov",201511,7,"Sunday",2015,4,"FQ4","2015-FQ4",11,"Nov","2015-Nov",201511
2015-11-23 00:00:00.000,20151123,2015,4,"Q4","2015-Q4",11,"Nov","2015-Nov",201511,1,"Monday",2015,4,"FQ4","2015-FQ4",11,"Nov","2015-Nov",201511
2015-11-24 00:00:00.000,20151124,2015,4,"Q4","2015-Q4",11,"Nov","2015-Nov",201511,2,"Tuesday",2015,4,"FQ4","2015-FQ4",11,"Nov","2015-Nov",201511
2015-11-25 00:00:00.000,20151125,2015,4,"Q4","2015-Q4",11,"Nov","2015-Nov",201511,3,"Wednesday",2015,4,"FQ4","2015-FQ4",11,"Nov","2015-Nov",201511
2015-11-26 00:00:00.000,20151126,2015,4,"Q4","2015-Q4",11,"Nov","2015-Nov",201511,4,"Thursday",2015,4,"FQ4","2015-FQ4",11,"Nov","2015-Nov",201511
2015-11-27 00:00:00.000,20151127,2015,4,"Q4","2015-Q4",11,"Nov","2015-Nov",201511,5,"Friday",2015,4,"FQ4","2015-FQ4",11,"Nov","2015-Nov",201511
2015-11-28 00:00:00.000,20151128,2015,4,"Q4","2015-Q4",11,"Nov","2015-Nov",201511,6,"Saturday",2015,4,"FQ4","2015-FQ4",11,"Nov","2015-Nov",201511
2015-11-29 00:00:00.000,20151129,2015,4,"Q4","2015-Q4",11,"Nov","2015-Nov",201511,7,"Sunday",2015,4,"FQ4","2015-FQ4",11,"Nov","2015-Nov",201511
2015-11-30 00:00:00.000,20151130,2015,4,"Q4","2015-Q4",11,"Nov","2015-Nov",201511,1,"Monday",2015,4,"FQ4","2015-FQ4",11,"Nov","2015-Nov",201511
2012-12-01 00:00:00.000,20121201,2012,4,"Q4","2012-Q4",12,"Dec","2012-Dec",201212,6,"Saturday",2012,4,"FQ4","2012-FQ4",12,"Dec","2012-Dec",201212
2012-12-02 00:00:00.000,20121202,2012,4,"Q4","2012-Q4",12,"Dec","2012-Dec",201212,7,"Sunday",2012,4,"FQ4","2012-FQ4",12,"Dec","2012-Dec",201212
2012-12-03 00:00:00.000,20121203,2012,4,"Q4","2012-Q4",12,"Dec","2012-Dec",201212,1,"Monday",2012,4,"FQ4","2012-FQ4",12,"Dec","2012-Dec",201212
2012-12-04 00:00:00.000,20121204,2012,4,"Q4","2012-Q4",12,"Dec","2012-Dec",201212,2,"Tuesday",2012,4,"FQ4","2012-FQ4",12,"Dec","2012-Dec",201212
2012-12-05 00:00:00.000,20121205,2012,4,"Q4","2012-Q4",12,"Dec","2012-Dec",201212,3,"Wednesday",2012,4,"FQ4","2012-FQ4",12,"Dec","2012-Dec",201212
2012-12-06 00:00:00.000,20121206,2012,4,"Q4","2012-Q4",12,"Dec","2012-Dec",201212,4,"Thursday",2012,4,"FQ4","2012-FQ4",12,"Dec","2012-Dec",201212
2012-12-07 00:00:00.000,20121207,2012,4,"Q4","2012-Q4",12,"Dec","2012-Dec",201212,5,"Friday",2012,4,"FQ4","2012-FQ4",12,"Dec","2012-Dec",201212
2012-12-08 00:00:00.000,20121208,2012,4,"Q4","2012-Q4",12,"Dec","2012-Dec",201212,6,"Saturday",2012,4,"FQ4","2012-FQ4",12,"Dec","2012-Dec",201212
2012-12-09 00:00:00.000,20121209,2012,4,"Q4","2012-Q4",12,"Dec","2012-Dec",201212,7,"Sunday",2012,4,"FQ4","2012-FQ4",12,"Dec","2012-Dec",201212
2012-12-10 00:00:00.000,20121210,2012,4,"Q4","2012-Q4",12,"Dec","2012-Dec",201212,1,"Monday",2012,4,"FQ4","2012-FQ4",12,"Dec","2012-Dec",201212
2012-12-11 00:00:00.000,20121211,2012,4,"Q4","2012-Q4",12,"Dec","2012-Dec",201212,2,"Tuesday",2012,4,"FQ4","2012-FQ4",12,"Dec","2012-Dec",201212
2012-12-12 00:00:00.000,20121212,2012,4,"Q4","2012-Q4",12,"Dec","2012-Dec",201212,3,"Wednesday",2012,4,"FQ4","2012-FQ4",12,"Dec","2012-Dec",201212
2012-12-13 00:00:00.000,20121213,2012,4,"Q4","2012-Q4",12,"Dec","2012-Dec",201212,4,"Thursday",2012,4,"FQ4","2012-FQ4",12,"Dec","2012-Dec",201212
2012-12-14 00:00:00.000,20121214,2012,4,"Q4","2012-Q4",12,"Dec","2012-Dec",201212,5,"Friday",2012,4,"FQ4","2012-FQ4",12,"Dec","2012-Dec",201212
2012-12-15 00:00:00.000,20121215,2012,4,"Q4","2012-Q4",12,"Dec","2012-Dec",201212,6,"Saturday",2012,4,"FQ4","2012-FQ4",12,"Dec","2012-Dec",201212
2012-12-16 00:00:00.000,20121216,2012,4,"Q4","2012-Q4",12,"Dec","2012-Dec",201212,7,"Sunday",2012,4,"FQ4","2012-FQ4",12,"Dec","2012-Dec",201212
2012-12-17 00:00:00.000,20121217,2012,4,"Q4","2012-Q4",12,"Dec","2012-Dec",201212,1,"Monday",2012,4,"FQ4","2012-FQ4",12,"Dec","2012-Dec",201212
2012-12-18 00:00:00.000,20121218,2012,4,"Q4","2012-Q4",12,"Dec","2012-Dec",201212,2,"Tuesday",2012,4,"FQ4","2012-FQ4",12,"Dec","2012-Dec",201212
2012-12-19 00:00:00.000,20121219,2012,4,"Q4","2012-Q4",12,"Dec","2012-Dec",201212,3,"Wednesday",2012,4,"FQ4","2012-FQ4",12,"Dec","2012-Dec",201212
2012-12-20 00:00:00.000,20121220,2012,4,"Q4","2012-Q4",12,"Dec","2012-Dec",201212,4,"Thursday",2012,4,"FQ4","2012-FQ4",12,"Dec","2012-Dec",201212
2012-12-21 00:00:00.000,20121221,2012,4,"Q4","2012-Q4",12,"Dec","2012-Dec",201212,5,"Friday",2012,4,"FQ4","2012-FQ4",12,"Dec","2012-Dec",201212
2012-12-22 00:00:00.000,20121222,2012,4,"Q4","2012-Q4",12,"Dec","2012-Dec",201212,6,"Saturday",2012,4,"FQ4","2012-FQ4",12,"Dec","2012-Dec",201212
2012-12-23 00:00:00.000,20121223,2012,4,"Q4","2012-Q4",12,"Dec","2012-Dec",201212,7,"Sunday",2012,4,"FQ4","2012-FQ4",12,"Dec","2012-Dec",201212
2012-12-24 00:00:00.000,20121224,2012,4,"Q4","2012-Q4",12,"Dec","2012-Dec",201212,1,"Monday",2012,4,"FQ4","2012-FQ4",12,"Dec","2012-Dec",201212
2012-12-25 00:00:00.000,20121225,2012,4,"Q4","2012-Q4",12,"Dec","2012-Dec",201212,2,"Tuesday",2012,4,"FQ4","2012-FQ4",12,"Dec","2012-Dec",201212
2012-12-26 00:00:00.000,20121226,2012,4,"Q4","2012-Q4",12,"Dec","2012-Dec",201212,3,"Wednesday",2012,4,"FQ4","2012-FQ4",12,"Dec","2012-Dec",201212
2012-12-27 00:00:00.000,20121227,2012,4,"Q4","2012-Q4",12,"Dec","2012-Dec",201212,4,"Thursday",2012,4,"FQ4","2012-FQ4",12,"Dec","2012-Dec",201212
2012-12-28 00:00:00.000,20121228,2012,4,"Q4","2012-Q4",12,"Dec","2012-Dec",201212,5,"Friday",2012,4,"FQ4","2012-FQ4",12,"Dec","2012-Dec",201212
2012-12-29 00:00:00.000,20121229,2012,4,"Q4","2012-Q4",12,"Dec","2012-Dec",201212,6,"Saturday",2012,4,"FQ4","2012-FQ4",12,"Dec","2012-Dec",201212
2012-12-30 00:00:00.000,20121230,2012,4,"Q4","2012-Q4",12,"Dec","2012-Dec",201212,7,"Sunday",2012,4,"FQ4","2012-FQ4",12,"Dec","2012-Dec",201212
2012-12-31 00:00:00.000,20121231,2012,4,"Q4","2012-Q4",12,"Dec","2012-Dec",201212,1,"Monday",2012,4,"FQ4","2012-FQ4",12,"Dec","2012-Dec",201212
2013-12-01 00:00:00.000,20131201,2013,4,"Q4","2013-Q4",12,"Dec","2013-Dec",201312,7,"Sunday",2013,4,"FQ4","2013-FQ4",12,"Dec","2013-Dec",201312
2013-12-02 00:00:00.000,20131202,2013,4,"Q4","2013-Q4",12,"Dec","2013-Dec",201312,1,"Monday",2013,4,"FQ4","2013-FQ4",12,"Dec","2013-Dec",201312
2013-12-03 00:00:00.000,20131203,2013,4,"Q4","2013-Q4",12,"Dec","2013-Dec",201312,2,"Tuesday",2013,4,"FQ4","2013-FQ4",12,"Dec","2013-Dec",201312
2013-12-04 00:00:00.000,20131204,2013,4,"Q4","2013-Q4",12,"Dec","2013-Dec",201312,3,"Wednesday",2013,4,"FQ4","2013-FQ4",12,"Dec","2013-Dec",201312
2013-12-05 00:00:00.000,20131205,2013,4,"Q4","2013-Q4",12,"Dec","2013-Dec",201312,4,"Thursday",2013,4,"FQ4","2013-FQ4",12,"Dec","2013-Dec",201312
2013-12-06 00:00:00.000,20131206,2013,4,"Q4","2013-Q4",12,"Dec","2013-Dec",201312,5,"Friday",2013,4,"FQ4","2013-FQ4",12,"Dec","2013-Dec",201312
2013-12-07 00:00:00.000,20131207,2013,4,"Q4","2013-Q4",12,"Dec","2013-Dec",201312,6,"Saturday",2013,4,"FQ4","2013-FQ4",12,"Dec","2013-Dec",201312
2013-12-08 00:00:00.000,20131208,2013,4,"Q4","2013-Q4",12,"Dec","2013-Dec",201312,7,"Sunday",2013,4,"FQ4","2013-FQ4",12,"Dec","2013-Dec",201312
2013-12-09 00:00:00.000,20131209,2013,4,"Q4","2013-Q4",12,"Dec","2013-Dec",201312,1,"Monday",2013,4,"FQ4","2013-FQ4",12,"Dec","2013-Dec",201312
2013-12-10 00:00:00.000,20131210,2013,4,"Q4","2013-Q4",12,"Dec","2013-Dec",201312,2,"Tuesday",2013,4,"FQ4","2013-FQ4",12,"Dec","2013-Dec",201312
2013-12-11 00:00:00.000,20131211,2013,4,"Q4","2013-Q4",12,"Dec","2013-Dec",201312,3,"Wednesday",2013,4,"FQ4","2013-FQ4",12,"Dec","2013-Dec",201312
2013-12-12 00:00:00.000,20131212,2013,4,"Q4","2013-Q4",12,"Dec","2013-Dec",201312,4,"Thursday",2013,4,"FQ4","2013-FQ4",12,"Dec","2013-Dec",201312
2013-12-13 00:00:00.000,20131213,2013,4,"Q4","2013-Q4",12,"Dec","2013-Dec",201312,5,"Friday",2013,4,"FQ4","2013-FQ4",12,"Dec","2013-Dec",201312
2013-12-14 00:00:00.000,20131214,2013,4,"Q4","2013-Q4",12,"Dec","2013-Dec",201312,6,"Saturday",2013,4,"FQ4","2013-FQ4",12,"Dec","2013-Dec",201312
2013-12-15 00:00:00.000,20131215,2013,4,"Q4","2013-Q4",12,"Dec","2013-Dec",201312,7,"Sunday",2013,4,"FQ4","2013-FQ4",12,"Dec","2013-Dec",201312
2013-12-16 00:00:00.000,20131216,2013,4,"Q4","2013-Q4",12,"Dec","2013-Dec",201312,1,"Monday",2013,4,"FQ4","2013-FQ4",12,"Dec","2013-Dec",201312
2013-12-17 00:00:00.000,20131217,2013,4,"Q4","2013-Q4",12,"Dec","2013-Dec",201312,2,"Tuesday",2013,4,"FQ4","2013-FQ4",12,"Dec","2013-Dec",201312
2013-12-18 00:00:00.000,20131218,2013,4,"Q4","2013-Q4",12,"Dec","2013-Dec",201312,3,"Wednesday",2013,4,"FQ4","2013-FQ4",12,"Dec","2013-Dec",201312
2013-12-19 00:00:00.000,20131219,2013,4,"Q4","2013-Q4",12,"Dec","2013-Dec",201312,4,"Thursday",2013,4,"FQ4","2013-FQ4",12,"Dec","2013-Dec",201312
2013-12-20 00:00:00.000,20131220,2013,4,"Q4","2013-Q4",12,"Dec","2013-Dec",201312,5,"Friday",2013,4,"FQ4","2013-FQ4",12,"Dec","2013-Dec",201312
2013-12-21 00:00:00.000,20131221,2013,4,"Q4","2013-Q4",12,"Dec","2013-Dec",201312,6,"Saturday",2013,4,"FQ4","2013-FQ4",12,"Dec","2013-Dec",201312
2013-12-22 00:00:00.000,20131222,2013,4,"Q4","2013-Q4",12,"Dec","2013-Dec",201312,7,"Sunday",2013,4,"FQ4","2013-FQ4",12,"Dec","2013-Dec",201312
2013-12-23 00:00:00.000,20131223,2013,4,"Q4","2013-Q4",12,"Dec","2013-Dec",201312,1,"Monday",2013,4,"FQ4","2013-FQ4",12,"Dec","2013-Dec",201312
2013-12-24 00:00:00.000,20131224,2013,4,"Q4","2013-Q4",12,"Dec","2013-Dec",201312,2,"Tuesday",2013,4,"FQ4","2013-FQ4",12,"Dec","2013-Dec",201312
2013-12-25 00:00:00.000,20131225,2013,4,"Q4","2013-Q4",12,"Dec","2013-Dec",201312,3,"Wednesday",2013,4,"FQ4","2013-FQ4",12,"Dec","2013-Dec",201312
2013-12-26 00:00:00.000,20131226,2013,4,"Q4","2013-Q4",12,"Dec","2013-Dec",201312,4,"Thursday",2013,4,"FQ4","2013-FQ4",12,"Dec","2013-Dec",201312
2013-12-27 00:00:00.000,20131227,2013,4,"Q4","2013-Q4",12,"Dec","2013-Dec",201312,5,"Friday",2013,4,"FQ4","2013-FQ4",12,"Dec","2013-Dec",201312
2013-12-28 00:00:00.000,20131228,2013,4,"Q4","2013-Q4",12,"Dec","2013-Dec",201312,6,"Saturday",2013,4,"FQ4","2013-FQ4",12,"Dec","2013-Dec",201312
2013-12-29 00:00:00.000,20131229,2013,4,"Q4","2013-Q4",12,"Dec","2013-Dec",201312,7,"Sunday",2013,4,"FQ4","2013-FQ4",12,"Dec","2013-Dec",201312
2013-12-30 00:00:00.000,20131230,2013,4,"Q4","2013-Q4",12,"Dec","2013-Dec",201312,1,"Monday",2013,4,"FQ4","2013-FQ4",12,"Dec","2013-Dec",201312
2013-12-31 00:00:00.000,20131231,2013,4,"Q4","2013-Q4",12,"Dec","2013-Dec",201312,2,"Tuesday",2013,4,"FQ4","2013-FQ4",12,"Dec","2013-Dec",201312
2014-12-01 00:00:00.000,20141201,2014,4,"Q4","2014-Q4",12,"Dec","2014-Dec",201412,1,"Monday",2014,4,"FQ4","2014-FQ4",12,"Dec","2014-Dec",201412
2014-12-02 00:00:00.000,20141202,2014,4,"Q4","2014-Q4",12,"Dec","2014-Dec",201412,2,"Tuesday",2014,4,"FQ4","2014-FQ4",12,"Dec","2014-Dec",201412
2014-12-03 00:00:00.000,20141203,2014,4,"Q4","2014-Q4",12,"Dec","2014-Dec",201412,3,"Wednesday",2014,4,"FQ4","2014-FQ4",12,"Dec","2014-Dec",201412
2014-12-04 00:00:00.000,20141204,2014,4,"Q4","2014-Q4",12,"Dec","2014-Dec",201412,4,"Thursday",2014,4,"FQ4","2014-FQ4",12,"Dec","2014-Dec",201412
2014-12-05 00:00:00.000,20141205,2014,4,"Q4","2014-Q4",12,"Dec","2014-Dec",201412,5,"Friday",2014,4,"FQ4","2014-FQ4",12,"Dec","2014-Dec",201412
2014-12-06 00:00:00.000,20141206,2014,4,"Q4","2014-Q4",12,"Dec","2014-Dec",201412,6,"Saturday",2014,4,"FQ4","2014-FQ4",12,"Dec","2014-Dec",201412
2014-12-07 00:00:00.000,20141207,2014,4,"Q4","2014-Q4",12,"Dec","2014-Dec",201412,7,"Sunday",2014,4,"FQ4","2014-FQ4",12,"Dec","2014-Dec",201412
2014-12-08 00:00:00.000,20141208,2014,4,"Q4","2014-Q4",12,"Dec","2014-Dec",201412,1,"Monday",2014,4,"FQ4","2014-FQ4",12,"Dec","2014-Dec",201412
2014-12-09 00:00:00.000,20141209,2014,4,"Q4","2014-Q4",12,"Dec","2014-Dec",201412,2,"Tuesday",2014,4,"FQ4","2014-FQ4",12,"Dec","2014-Dec",201412
2014-12-10 00:00:00.000,20141210,2014,4,"Q4","2014-Q4",12,"Dec","2014-Dec",201412,3,"Wednesday",2014,4,"FQ4","2014-FQ4",12,"Dec","2014-Dec",201412
2014-12-11 00:00:00.000,20141211,2014,4,"Q4","2014-Q4",12,"Dec","2014-Dec",201412,4,"Thursday",2014,4,"FQ4","2014-FQ4",12,"Dec","2014-Dec",201412
2014-12-12 00:00:00.000,20141212,2014,4,"Q4","2014-Q4",12,"Dec","2014-Dec",201412,5,"Friday",2014,4,"FQ4","2014-FQ4",12,"Dec","2014-Dec",201412
2014-12-13 00:00:00.000,20141213,2014,4,"Q4","2014-Q4",12,"Dec","2014-Dec",201412,6,"Saturday",2014,4,"FQ4","2014-FQ4",12,"Dec","2014-Dec",201412
2014-12-14 00:00:00.000,20141214,2014,4,"Q4","2014-Q4",12,"Dec","2014-Dec",201412,7,"Sunday",2014,4,"FQ4","2014-FQ4",12,"Dec","2014-Dec",201412
2014-12-15 00:00:00.000,20141215,2014,4,"Q4","2014-Q4",12,"Dec","2014-Dec",201412,1,"Monday",2014,4,"FQ4","2014-FQ4",12,"Dec","2014-Dec",201412
2014-12-16 00:00:00.000,20141216,2014,4,"Q4","2014-Q4",12,"Dec","2014-Dec",201412,2,"Tuesday",2014,4,"FQ4","2014-FQ4",12,"Dec","2014-Dec",201412
2014-12-17 00:00:00.000,20141217,2014,4,"Q4","2014-Q4",12,"Dec","2014-Dec",201412,3,"Wednesday",2014,4,"FQ4","2014-FQ4",12,"Dec","2014-Dec",201412
2014-12-18 00:00:00.000,20141218,2014,4,"Q4","2014-Q4",12,"Dec","2014-Dec",201412,4,"Thursday",2014,4,"FQ4","2014-FQ4",12,"Dec","2014-Dec",201412
2014-12-19 00:00:00.000,20141219,2014,4,"Q4","2014-Q4",12,"Dec","2014-Dec",201412,5,"Friday",2014,4,"FQ4","2014-FQ4",12,"Dec","2014-Dec",201412
2014-12-20 00:00:00.000,20141220,2014,4,"Q4","2014-Q4",12,"Dec","2014-Dec",201412,6,"Saturday",2014,4,"FQ4","2014-FQ4",12,"Dec","2014-Dec",201412
2014-12-21 00:00:00.000,20141221,2014,4,"Q4","2014-Q4",12,"Dec","2014-Dec",201412,7,"Sunday",2014,4,"FQ4","2014-FQ4",12,"Dec","2014-Dec",201412
2014-12-22 00:00:00.000,20141222,2014,4,"Q4","2014-Q4",12,"Dec","2014-Dec",201412,1,"Monday",2014,4,"FQ4","2014-FQ4",12,"Dec","2014-Dec",201412
2014-12-23 00:00:00.000,20141223,2014,4,"Q4","2014-Q4",12,"Dec","2014-Dec",201412,2,"Tuesday",2014,4,"FQ4","2014-FQ4",12,"Dec","2014-Dec",201412
2014-12-24 00:00:00.000,20141224,2014,4,"Q4","2014-Q4",12,"Dec","2014-Dec",201412,3,"Wednesday",2014,4,"FQ4","2014-FQ4",12,"Dec","2014-Dec",201412
2014-12-25 00:00:00.000,20141225,2014,4,"Q4","2014-Q4",12,"Dec","2014-Dec",201412,4,"Thursday",2014,4,"FQ4","2014-FQ4",12,"Dec","2014-Dec",201412
2014-12-26 00:00:00.000,20141226,2014,4,"Q4","2014-Q4",12,"Dec","2014-Dec",201412,5,"Friday",2014,4,"FQ4","2014-FQ4",12,"Dec","2014-Dec",201412
2014-12-27 00:00:00.000,20141227,2014,4,"Q4","2014-Q4",12,"Dec","2014-Dec",201412,6,"Saturday",2014,4,"FQ4","2014-FQ4",12,"Dec","2014-Dec",201412
2014-12-28 00:00:00.000,20141228,2014,4,"Q4","2014-Q4",12,"Dec","2014-Dec",201412,7,"Sunday",2014,4,"FQ4","2014-FQ4",12,"Dec","2014-Dec",201412
2014-12-29 00:00:00.000,20141229,2014,4,"Q4","2014-Q4",12,"Dec","2014-Dec",201412,1,"Monday",2014,4,"FQ4","2014-FQ4",12,"Dec","2014-Dec",201412
2014-12-30 00:00:00.000,20141230,2014,4,"Q4","2014-Q4",12,"Dec","2014-Dec",201412,2,"Tuesday",2014,4,"FQ4","2014-FQ4",12,"Dec","2014-Dec",201412
2014-12-31 00:00:00.000,20141231,2014,4,"Q4","2014-Q4",12,"Dec","2014-Dec",201412,3,"Wednesday",2014,4,"FQ4","2014-FQ4",12,"Dec","2014-Dec",201412
2015-12-01 00:00:00.000,20151201,2015,4,"Q4","2015-Q4",12,"Dec","2015-Dec",201512,2,"Tuesday",2015,4,"FQ4","2015-FQ4",12,"Dec","2015-Dec",201512
2015-12-02 00:00:00.000,20151202,2015,4,"Q4","2015-Q4",12,"Dec","2015-Dec",201512,3,"Wednesday",2015,4,"FQ4","2015-FQ4",12,"Dec","2015-Dec",201512
2015-12-03 00:00:00.000,20151203,2015,4,"Q4","2015-Q4",12,"Dec","2015-Dec",201512,4,"Thursday",2015,4,"FQ4","2015-FQ4",12,"Dec","2015-Dec",201512
2015-12-04 00:00:00.000,20151204,2015,4,"Q4","2015-Q4",12,"Dec","2015-Dec",201512,5,"Friday",2015,4,"FQ4","2015-FQ4",12,"Dec","2015-Dec",201512
2015-12-05 00:00:00.000,20151205,2015,4,"Q4","2015-Q4",12,"Dec","2015-Dec",201512,6,"Saturday",2015,4,"FQ4","2015-FQ4",12,"Dec","2015-Dec",201512
2015-12-06 00:00:00.000,20151206,2015,4,"Q4","2015-Q4",12,"Dec","2015-Dec",201512,7,"Sunday",2015,4,"FQ4","2015-FQ4",12,"Dec","2015-Dec",201512
2015-12-07 00:00:00.000,20151207,2015,4,"Q4","2015-Q4",12,"Dec","2015-Dec",201512,1,"Monday",2015,4,"FQ4","2015-FQ4",12,"Dec","2015-Dec",201512
2015-12-08 00:00:00.000,20151208,2015,4,"Q4","2015-Q4",12,"Dec","2015-Dec",201512,2,"Tuesday",2015,4,"FQ4","2015-FQ4",12,"Dec","2015-Dec",201512
2015-12-09 00:00:00.000,20151209,2015,4,"Q4","2015-Q4",12,"Dec","2015-Dec",201512,3,"Wednesday",2015,4,"FQ4","2015-FQ4",12,"Dec","2015-Dec",201512
2015-12-10 00:00:00.000,20151210,2015,4,"Q4","2015-Q4",12,"Dec","2015-Dec",201512,4,"Thursday",2015,4,"FQ4","2015-FQ4",12,"Dec","2015-Dec",201512
2015-12-11 00:00:00.000,20151211,2015,4,"Q4","2015-Q4",12,"Dec","2015-Dec",201512,5,"Friday",2015,4,"FQ4","2015-FQ4",12,"Dec","2015-Dec",201512
2015-12-12 00:00:00.000,20151212,2015,4,"Q4","2015-Q4",12,"Dec","2015-Dec",201512,6,"Saturday",2015,4,"FQ4","2015-FQ4",12,"Dec","2015-Dec",201512
2015-12-13 00:00:00.000,20151213,2015,4,"Q4","2015-Q4",12,"Dec","2015-Dec",201512,7,"Sunday",2015,4,"FQ4","2015-FQ4",12,"Dec","2015-Dec",201512
2015-12-14 00:00:00.000,20151214,2015,4,"Q4","2015-Q4",12,"Dec","2015-Dec",201512,1,"Monday",2015,4,"FQ4","2015-FQ4",12,"Dec","2015-Dec",201512
2015-12-15 00:00:00.000,20151215,2015,4,"Q4","2015-Q4",12,"Dec","2015-Dec",201512,2,"Tuesday",2015,4,"FQ4","2015-FQ4",12,"Dec","2015-Dec",201512
2015-12-16 00:00:00.000,20151216,2015,4,"Q4","2015-Q4",12,"Dec","2015-Dec",201512,3,"Wednesday",2015,4,"FQ4","2015-FQ4",12,"Dec","2015-Dec",201512
2015-12-17 00:00:00.000,20151217,2015,4,"Q4","2015-Q4",12,"Dec","2015-Dec",201512,4,"Thursday",2015,4,"FQ4","2015-FQ4",12,"Dec","2015-Dec",201512
2015-12-18 00:00:00.000,20151218,2015,4,"Q4","2015-Q4",12,"Dec","2015-Dec",201512,5,"Friday",2015,4,"FQ4","2015-FQ4",12,"Dec","2015-Dec",201512
2015-12-19 00:00:00.000,20151219,2015,4,"Q4","2015-Q4",12,"Dec","2015-Dec",201512,6,"Saturday",2015,4,"FQ4","2015-FQ4",12,"Dec","2015-Dec",201512
2015-12-20 00:00:00.000,20151220,2015,4,"Q4","2015-Q4",12,"Dec","2015-Dec",201512,7,"Sunday",2015,4,"FQ4","2015-FQ4",12,"Dec","2015-Dec",201512
2015-12-21 00:00:00.000,20151221,2015,4,"Q4","2015-Q4",12,"Dec","2015-Dec",201512,1,"Monday",2015,4,"FQ4","2015-FQ4",12,"Dec","2015-Dec",201512
2015-12-22 00:00:00.000,20151222,2015,4,"Q4","2015-Q4",12,"Dec","2015-Dec",201512,2,"Tuesday",2015,4,"FQ4","2015-FQ4",12,"Dec","2015-Dec",201512
2015-12-23 00:00:00.000,20151223,2015,4,"Q4","2015-Q4",12,"Dec","2015-Dec",201512,3,"Wednesday",2015,4,"FQ4","2015-FQ4",12,"Dec","2015-Dec",201512
2015-12-24 00:00:00.000,20151224,2015,4,"Q4","2015-Q4",12,"Dec","2015-Dec",201512,4,"Thursday",2015,4,"FQ4","2015-FQ4",12,"Dec","2015-Dec",201512
2015-12-25 00:00:00.000,20151225,2015,4,"Q4","2015-Q4",12,"Dec","2015-Dec",201512,5,"Friday",2015,4,"FQ4","2015-FQ4",12,"Dec","2015-Dec",201512
2015-12-26 00:00:00.000,20151226,2015,4,"Q4","2015-Q4",12,"Dec","2015-Dec",201512,6,"Saturday",2015,4,"FQ4","2015-FQ4",12,"Dec","2015-Dec",201512
2015-12-27 00:00:00.000,20151227,2015,4,"Q4","2015-Q4",12,"Dec","2015-Dec",201512,7,"Sunday",2015,4,"FQ4","2015-FQ4",12,"Dec","2015-Dec",201512
2015-12-28 00:00:00.000,20151228,2015,4,"Q4","2015-Q4",12,"Dec","2015-Dec",201512,1,"Monday",2015,4,"FQ4","2015-FQ4",12,"Dec","2015-Dec",201512
2015-12-29 00:00:00.000,20151229,2015,4,"Q4","2015-Q4",12,"Dec","2015-Dec",201512,2,"Tuesday",2015,4,"FQ4","2015-FQ4",12,"Dec","2015-Dec",201512
2015-12-30 00:00:00.000,20151230,2015,4,"Q4","2015-Q4",12,"Dec","2015-Dec",201512,3,"Wednesday",2015,4,"FQ4","2015-FQ4",12,"Dec","2015-Dec",201512
2015-12-31 00:00:00.000,20151231,2015,4,"Q4","2015-Q4",12,"Dec","2015-Dec",201512,4,"Thursday",2015,4,"FQ4","2015-FQ4",12,"Dec","2015-Dec",201512
2012-10-01 00:00:00.000,20121001,2012,4,"Q4","2012-Q4",10,"Oct","2012-Oct",201210,1,"Monday",2012,4,"FQ4","2012-FQ4",10,"Oct","2012-Oct",201210
2012-10-02 00:00:00.000,20121002,2012,4,"Q4","2012-Q4",10,"Oct","2012-Oct",201210,2,"Tuesday",2012,4,"FQ4","2012-FQ4",10,"Oct","2012-Oct",201210
2012-10-03 00:00:00.000,20121003,2012,4,"Q4","2012-Q4",10,"Oct","2012-Oct",201210,3,"Wednesday",2012,4,"FQ4","2012-FQ4",10,"Oct","2012-Oct",201210
2012-10-04 00:00:00.000,20121004,2012,4,"Q4","2012-Q4",10,"Oct","2012-Oct",201210,4,"Thursday",2012,4,"FQ4","2012-FQ4",10,"Oct","2012-Oct",201210
2012-10-05 00:00:00.000,20121005,2012,4,"Q4","2012-Q4",10,"Oct","2012-Oct",201210,5,"Friday",2012,4,"FQ4","2012-FQ4",10,"Oct","2012-Oct",201210
2012-10-06 00:00:00.000,20121006,2012,4,"Q4","2012-Q4",10,"Oct","2012-Oct",201210,6,"Saturday",2012,4,"FQ4","2012-FQ4",10,"Oct","2012-Oct",201210
2012-10-07 00:00:00.000,20121007,2012,4,"Q4","2012-Q4",10,"Oct","2012-Oct",201210,7,"Sunday",2012,4,"FQ4","2012-FQ4",10,"Oct","2012-Oct",201210
2012-10-08 00:00:00.000,20121008,2012,4,"Q4","2012-Q4",10,"Oct","2012-Oct",201210,1,"Monday",2012,4,"FQ4","2012-FQ4",10,"Oct","2012-Oct",201210
2012-10-09 00:00:00.000,20121009,2012,4,"Q4","2012-Q4",10,"Oct","2012-Oct",201210,2,"Tuesday",2012,4,"FQ4","2012-FQ4",10,"Oct","2012-Oct",201210
2012-10-10 00:00:00.000,20121010,2012,4,"Q4","2012-Q4",10,"Oct","2012-Oct",201210,3,"Wednesday",2012,4,"FQ4","2012-FQ4",10,"Oct","2012-Oct",201210
2012-10-11 00:00:00.000,20121011,2012,4,"Q4","2012-Q4",10,"Oct","2012-Oct",201210,4,"Thursday",2012,4,"FQ4","2012-FQ4",10,"Oct","2012-Oct",201210
2012-10-12 00:00:00.000,20121012,2012,4,"Q4","2012-Q4",10,"Oct","2012-Oct",201210,5,"Friday",2012,4,"FQ4","2012-FQ4",10,"Oct","2012-Oct",201210
2012-10-13 00:00:00.000,20121013,2012,4,"Q4","2012-Q4",10,"Oct","2012-Oct",201210,6,"Saturday",2012,4,"FQ4","2012-FQ4",10,"Oct","2012-Oct",201210
2012-10-14 00:00:00.000,20121014,2012,4,"Q4","2012-Q4",10,"Oct","2012-Oct",201210,7,"Sunday",2012,4,"FQ4","2012-FQ4",10,"Oct","2012-Oct",201210
2012-10-15 00:00:00.000,20121015,2012,4,"Q4","2012-Q4",10,"Oct","2012-Oct",201210,1,"Monday",2012,4,"FQ4","2012-FQ4",10,"Oct","2012-Oct",201210
2012-10-16 00:00:00.000,20121016,2012,4,"Q4","2012-Q4",10,"Oct","2012-Oct",201210,2,"Tuesday",2012,4,"FQ4","2012-FQ4",10,"Oct","2012-Oct",201210
2012-10-17 00:00:00.000,20121017,2012,4,"Q4","2012-Q4",10,"Oct","2012-Oct",201210,3,"Wednesday",2012,4,"FQ4","2012-FQ4",10,"Oct","2012-Oct",201210
2012-10-18 00:00:00.000,20121018,2012,4,"Q4","2012-Q4",10,"Oct","2012-Oct",201210,4,"Thursday",2012,4,"FQ4","2012-FQ4",10,"Oct","2012-Oct",201210
2012-10-19 00:00:00.000,20121019,2012,4,"Q4","2012-Q4",10,"Oct","2012-Oct",201210,5,"Friday",2012,4,"FQ4","2012-FQ4",10,"Oct","2012-Oct",201210
2012-10-20 00:00:00.000,20121020,2012,4,"Q4","2012-Q4",10,"Oct","2012-Oct",201210,6,"Saturday",2012,4,"FQ4","2012-FQ4",10,"Oct","2012-Oct",201210
2012-10-21 00:00:00.000,20121021,2012,4,"Q4","2012-Q4",10,"Oct","2012-Oct",201210,7,"Sunday",2012,4,"FQ4","2012-FQ4",10,"Oct","2012-Oct",201210
2012-10-22 00:00:00.000,20121022,2012,4,"Q4","2012-Q4",10,"Oct","2012-Oct",201210,1,"Monday",2012,4,"FQ4","2012-FQ4",10,"Oct","2012-Oct",201210
2012-10-23 00:00:00.000,20121023,2012,4,"Q4","2012-Q4",10,"Oct","2012-Oct",201210,2,"Tuesday",2012,4,"FQ4","2012-FQ4",10,"Oct","2012-Oct",201210
2012-10-24 00:00:00.000,20121024,2012,4,"Q4","2012-Q4",10,"Oct","2012-Oct",201210,3,"Wednesday",2012,4,"FQ4","2012-FQ4",10,"Oct","2012-Oct",201210
2012-10-25 00:00:00.000,20121025,2012,4,"Q4","2012-Q4",10,"Oct","2012-Oct",201210,4,"Thursday",2012,4,"FQ4","2012-FQ4",10,"Oct","2012-Oct",201210
2012-10-26 00:00:00.000,20121026,2012,4,"Q4","2012-Q4",10,"Oct","2012-Oct",201210,5,"Friday",2012,4,"FQ4","2012-FQ4",10,"Oct","2012-Oct",201210
2012-10-27 00:00:00.000,20121027,2012,4,"Q4","2012-Q4",10,"Oct","2012-Oct",201210,6,"Saturday",2012,4,"FQ4","2012-FQ4",10,"Oct","2012-Oct",201210
2012-10-28 00:00:00.000,20121028,2012,4,"Q4","2012-Q4",10,"Oct","2012-Oct",201210,7,"Sunday",2012,4,"FQ4","2012-FQ4",10,"Oct","2012-Oct",201210
2012-10-29 00:00:00.000,20121029,2012,4,"Q4","2012-Q4",10,"Oct","2012-Oct",201210,1,"Monday",2012,4,"FQ4","2012-FQ4",10,"Oct","2012-Oct",201210
2012-10-30 00:00:00.000,20121030,2012,4,"Q4","2012-Q4",10,"Oct","2012-Oct",201210,2,"Tuesday",2012,4,"FQ4","2012-FQ4",10,"Oct","2012-Oct",201210
2012-10-31 00:00:00.000,20121031,2012,4,"Q4","2012-Q4",10,"Oct","2012-Oct",201210,3,"Wednesday",2012,4,"FQ4","2012-FQ4",10,"Oct","2012-Oct",201210
2013-10-01 00:00:00.000,20131001,2013,4,"Q4","2013-Q4",10,"Oct","2013-Oct",201310,2,"Tuesday",2013,4,"FQ4","2013-FQ4",10,"Oct","2013-Oct",201310
2013-10-02 00:00:00.000,20131002,2013,4,"Q4","2013-Q4",10,"Oct","2013-Oct",201310,3,"Wednesday",2013,4,"FQ4","2013-FQ4",10,"Oct","2013-Oct",201310
2013-10-03 00:00:00.000,20131003,2013,4,"Q4","2013-Q4",10,"Oct","2013-Oct",201310,4,"Thursday",2013,4,"FQ4","2013-FQ4",10,"Oct","2013-Oct",201310
2013-10-04 00:00:00.000,20131004,2013,4,"Q4","2013-Q4",10,"Oct","2013-Oct",201310,5,"Friday",2013,4,"FQ4","2013-FQ4",10,"Oct","2013-Oct",201310
2013-10-05 00:00:00.000,20131005,2013,4,"Q4","2013-Q4",10,"Oct","2013-Oct",201310,6,"Saturday",2013,4,"FQ4","2013-FQ4",10,"Oct","2013-Oct",201310
2013-10-06 00:00:00.000,20131006,2013,4,"Q4","2013-Q4",10,"Oct","2013-Oct",201310,7,"Sunday",2013,4,"FQ4","2013-FQ4",10,"Oct","2013-Oct",201310
2013-10-07 00:00:00.000,20131007,2013,4,"Q4","2013-Q4",10,"Oct","2013-Oct",201310,1,"Monday",2013,4,"FQ4","2013-FQ4",10,"Oct","2013-Oct",201310
2013-10-08 00:00:00.000,20131008,2013,4,"Q4","2013-Q4",10,"Oct","2013-Oct",201310,2,"Tuesday",2013,4,"FQ4","2013-FQ4",10,"Oct","2013-Oct",201310
2013-10-09 00:00:00.000,20131009,2013,4,"Q4","2013-Q4",10,"Oct","2013-Oct",201310,3,"Wednesday",2013,4,"FQ4","2013-FQ4",10,"Oct","2013-Oct",201310
2013-10-10 00:00:00.000,20131010,2013,4,"Q4","2013-Q4",10,"Oct","2013-Oct",201310,4,"Thursday",2013,4,"FQ4","2013-FQ4",10,"Oct","2013-Oct",201310
2013-10-11 00:00:00.000,20131011,2013,4,"Q4","2013-Q4",10,"Oct","2013-Oct",201310,5,"Friday",2013,4,"FQ4","2013-FQ4",10,"Oct","2013-Oct",201310
2013-10-12 00:00:00.000,20131012,2013,4,"Q4","2013-Q4",10,"Oct","2013-Oct",201310,6,"Saturday",2013,4,"FQ4","2013-FQ4",10,"Oct","2013-Oct",201310
2013-10-13 00:00:00.000,20131013,2013,4,"Q4","2013-Q4",10,"Oct","2013-Oct",201310,7,"Sunday",2013,4,"FQ4","2013-FQ4",10,"Oct","2013-Oct",201310
2013-10-14 00:00:00.000,20131014,2013,4,"Q4","2013-Q4",10,"Oct","2013-Oct",201310,1,"Monday",2013,4,"FQ4","2013-FQ4",10,"Oct","2013-Oct",201310
2013-10-15 00:00:00.000,20131015,2013,4,"Q4","2013-Q4",10,"Oct","2013-Oct",201310,2,"Tuesday",2013,4,"FQ4","2013-FQ4",10,"Oct","2013-Oct",201310
2013-10-16 00:00:00.000,20131016,2013,4,"Q4","2013-Q4",10,"Oct","2013-Oct",201310,3,"Wednesday",2013,4,"FQ4","2013-FQ4",10,"Oct","2013-Oct",201310
2013-10-17 00:00:00.000,20131017,2013,4,"Q4","2013-Q4",10,"Oct","2013-Oct",201310,4,"Thursday",2013,4,"FQ4","2013-FQ4",10,"Oct","2013-Oct",201310
2013-10-18 00:00:00.000,20131018,2013,4,"Q4","2013-Q4",10,"Oct","2013-Oct",201310,5,"Friday",2013,4,"FQ4","2013-FQ4",10,"Oct","2013-Oct",201310
2013-10-19 00:00:00.000,20131019,2013,4,"Q4","2013-Q4",10,"Oct","2013-Oct",201310,6,"Saturday",2013,4,"FQ4","2013-FQ4",10,"Oct","2013-Oct",201310
2013-10-20 00:00:00.000,20131020,2013,4,"Q4","2013-Q4",10,"Oct","2013-Oct",201310,7,"Sunday",2013,4,"FQ4","2013-FQ4",10,"Oct","2013-Oct",201310
2013-10-21 00:00:00.000,20131021,2013,4,"Q4","2013-Q4",10,"Oct","2013-Oct",201310,1,"Monday",2013,4,"FQ4","2013-FQ4",10,"Oct","2013-Oct",201310
2013-10-22 00:00:00.000,20131022,2013,4,"Q4","2013-Q4",10,"Oct","2013-Oct",201310,2,"Tuesday",2013,4,"FQ4","2013-FQ4",10,"Oct","2013-Oct",201310
2013-10-23 00:00:00.000,20131023,2013,4,"Q4","2013-Q4",10,"Oct","2013-Oct",201310,3,"Wednesday",2013,4,"FQ4","2013-FQ4",10,"Oct","2013-Oct",201310
2013-10-24 00:00:00.000,20131024,2013,4,"Q4","2013-Q4",10,"Oct","2013-Oct",201310,4,"Thursday",2013,4,"FQ4","2013-FQ4",10,"Oct","2013-Oct",201310
2013-10-25 00:00:00.000,20131025,2013,4,"Q4","2013-Q4",10,"Oct","2013-Oct",201310,5,"Friday",2013,4,"FQ4","2013-FQ4",10,"Oct","2013-Oct",201310
2013-10-26 00:00:00.000,20131026,2013,4,"Q4","2013-Q4",10,"Oct","2013-Oct",201310,6,"Saturday",2013,4,"FQ4","2013-FQ4",10,"Oct","2013-Oct",201310
2013-10-27 00:00:00.000,20131027,2013,4,"Q4","2013-Q4",10,"Oct","2013-Oct",201310,7,"Sunday",2013,4,"FQ4","2013-FQ4",10,"Oct","2013-Oct",201310
2013-10-28 00:00:00.000,20131028,2013,4,"Q4","2013-Q4",10,"Oct","2013-Oct",201310,1,"Monday",2013,4,"FQ4","2013-FQ4",10,"Oct","2013-Oct",201310
2013-10-29 00:00:00.000,20131029,2013,4,"Q4","2013-Q4",10,"Oct","2013-Oct",201310,2,"Tuesday",2013,4,"FQ4","2013-FQ4",10,"Oct","2013-Oct",201310
2013-10-30 00:00:00.000,20131030,2013,4,"Q4","2013-Q4",10,"Oct","2013-Oct",201310,3,"Wednesday",2013,4,"FQ4","2013-FQ4",10,"Oct","2013-Oct",201310
2013-10-31 00:00:00.000,20131031,2013,4,"Q4","2013-Q4",10,"Oct","2013-Oct",201310,4,"Thursday",2013,4,"FQ4","2013-FQ4",10,"Oct","2013-Oct",201310
2014-10-01 00:00:00.000,20141001,2014,4,"Q4","2014-Q4",10,"Oct","2014-Oct",201410,3,"Wednesday",2014,4,"FQ4","2014-FQ4",10,"Oct","2014-Oct",201410
2014-10-02 00:00:00.000,20141002,2014,4,"Q4","2014-Q4",10,"Oct","2014-Oct",201410,4,"Thursday",2014,4,"FQ4","2014-FQ4",10,"Oct","2014-Oct",201410
2014-10-03 00:00:00.000,20141003,2014,4,"Q4","2014-Q4",10,"Oct","2014-Oct",201410,5,"Friday",2014,4,"FQ4","2014-FQ4",10,"Oct","2014-Oct",201410
2014-10-04 00:00:00.000,20141004,2014,4,"Q4","2014-Q4",10,"Oct","2014-Oct",201410,6,"Saturday",2014,4,"FQ4","2014-FQ4",10,"Oct","2014-Oct",201410
2014-10-05 00:00:00.000,20141005,2014,4,"Q4","2014-Q4",10,"Oct","2014-Oct",201410,7,"Sunday",2014,4,"FQ4","2014-FQ4",10,"Oct","2014-Oct",201410
2014-10-06 00:00:00.000,20141006,2014,4,"Q4","2014-Q4",10,"Oct","2014-Oct",201410,1,"Monday",2014,4,"FQ4","2014-FQ4",10,"Oct","2014-Oct",201410
2014-10-07 00:00:00.000,20141007,2014,4,"Q4","2014-Q4",10,"Oct","2014-Oct",201410,2,"Tuesday",2014,4,"FQ4","2014-FQ4",10,"Oct","2014-Oct",201410
2014-10-08 00:00:00.000,20141008,2014,4,"Q4","2014-Q4",10,"Oct","2014-Oct",201410,3,"Wednesday",2014,4,"FQ4","2014-FQ4",10,"Oct","2014-Oct",201410
2014-10-09 00:00:00.000,20141009,2014,4,"Q4","2014-Q4",10,"Oct","2014-Oct",201410,4,"Thursday",2014,4,"FQ4","2014-FQ4",10,"Oct","2014-Oct",201410
2014-10-10 00:00:00.000,20141010,2014,4,"Q4","2014-Q4",10,"Oct","2014-Oct",201410,5,"Friday",2014,4,"FQ4","2014-FQ4",10,"Oct","2014-Oct",201410
2014-10-11 00:00:00.000,20141011,2014,4,"Q4","2014-Q4",10,"Oct","2014-Oct",201410,6,"Saturday",2014,4,"FQ4","2014-FQ4",10,"Oct","2014-Oct",201410
2014-10-12 00:00:00.000,20141012,2014,4,"Q4","2014-Q4",10,"Oct","2014-Oct",201410,7,"Sunday",2014,4,"FQ4","2014-FQ4",10,"Oct","2014-Oct",201410
2014-10-13 00:00:00.000,20141013,2014,4,"Q4","2014-Q4",10,"Oct","2014-Oct",201410,1,"Monday",2014,4,"FQ4","2014-FQ4",10,"Oct","2014-Oct",201410
2014-10-14 00:00:00.000,20141014,2014,4,"Q4","2014-Q4",10,"Oct","2014-Oct",201410,2,"Tuesday",2014,4,"FQ4","2014-FQ4",10,"Oct","2014-Oct",201410
2014-10-15 00:00:00.000,20141015,2014,4,"Q4","2014-Q4",10,"Oct","2014-Oct",201410,3,"Wednesday",2014,4,"FQ4","2014-FQ4",10,"Oct","2014-Oct",201410
2014-10-16 00:00:00.000,20141016,2014,4,"Q4","2014-Q4",10,"Oct","2014-Oct",201410,4,"Thursday",2014,4,"FQ4","2014-FQ4",10,"Oct","2014-Oct",201410
2014-10-17 00:00:00.000,20141017,2014,4,"Q4","2014-Q4",10,"Oct","2014-Oct",201410,5,"Friday",2014,4,"FQ4","2014-FQ4",10,"Oct","2014-Oct",201410
2014-10-18 00:00:00.000,20141018,2014,4,"Q4","2014-Q4",10,"Oct","2014-Oct",201410,6,"Saturday",2014,4,"FQ4","2014-FQ4",10,"Oct","2014-Oct",201410
2014-10-19 00:00:00.000,20141019,2014,4,"Q4","2014-Q4",10,"Oct","2014-Oct",201410,7,"Sunday",2014,4,"FQ4","2014-FQ4",10,"Oct","2014-Oct",201410
2014-10-20 00:00:00.000,20141020,2014,4,"Q4","2014-Q4",10,"Oct","2014-Oct",201410,1,"Monday",2014,4,"FQ4","2014-FQ4",10,"Oct","2014-Oct",201410
2014-10-21 00:00:00.000,20141021,2014,4,"Q4","2014-Q4",10,"Oct","2014-Oct",201410,2,"Tuesday",2014,4,"FQ4","2014-FQ4",10,"Oct","2014-Oct",201410
2014-10-22 00:00:00.000,20141022,2014,4,"Q4","2014-Q4",10,"Oct","2014-Oct",201410,3,"Wednesday",2014,4,"FQ4","2014-FQ4",10,"Oct","2014-Oct",201410
2014-10-23 00:00:00.000,20141023,2014,4,"Q4","2014-Q4",10,"Oct","2014-Oct",201410,4,"Thursday",2014,4,"FQ4","2014-FQ4",10,"Oct","2014-Oct",201410
2014-10-24 00:00:00.000,20141024,2014,4,"Q4","2014-Q4",10,"Oct","2014-Oct",201410,5,"Friday",2014,4,"FQ4","2014-FQ4",10,"Oct","2014-Oct",201410
2014-10-25 00:00:00.000,20141025,2014,4,"Q4","2014-Q4",10,"Oct","2014-Oct",201410,6,"Saturday",2014,4,"FQ4","2014-FQ4",10,"Oct","2014-Oct",201410
2014-10-26 00:00:00.000,20141026,2014,4,"Q4","2014-Q4",10,"Oct","2014-Oct",201410,7,"Sunday",2014,4,"FQ4","2014-FQ4",10,"Oct","2014-Oct",201410
2014-10-27 00:00:00.000,20141027,2014,4,"Q4","2014-Q4",10,"Oct","2014-Oct",201410,1,"Monday",2014,4,"FQ4","2014-FQ4",10,"Oct","2014-Oct",201410
2014-10-28 00:00:00.000,20141028,2014,4,"Q4","2014-Q4",10,"Oct","2014-Oct",201410,2,"Tuesday",2014,4,"FQ4","2014-FQ4",10,"Oct","2014-Oct",201410
2014-10-29 00:00:00.000,20141029,2014,4,"Q4","2014-Q4",10,"Oct","2014-Oct",201410,3,"Wednesday",2014,4,"FQ4","2014-FQ4",10,"Oct","2014-Oct",201410
2014-10-30 00:00:00.000,20141030,2014,4,"Q4","2014-Q4",10,"Oct","2014-Oct",201410,4,"Thursday",2014,4,"FQ4","2014-FQ4",10,"Oct","2014-Oct",201410
2014-10-31 00:00:00.000,20141031,2014,4,"Q4","2014-Q4",10,"Oct","2014-Oct",201410,5,"Friday",2014,4,"FQ4","2014-FQ4",10,"Oct","2014-Oct",201410
2015-10-01 00:00:00.000,20151001,2015,4,"Q4","2015-Q4",10,"Oct","2015-Oct",201510,4,"Thursday",2015,4,"FQ4","2015-FQ4",10,"Oct","2015-Oct",201510
2015-10-02 00:00:00.000,20151002,2015,4,"Q4","2015-Q4",10,"Oct","2015-Oct",201510,5,"Friday",2015,4,"FQ4","2015-FQ4",10,"Oct","2015-Oct",201510
2015-10-03 00:00:00.000,20151003,2015,4,"Q4","2015-Q4",10,"Oct","2015-Oct",201510,6,"Saturday",2015,4,"FQ4","2015-FQ4",10,"Oct","2015-Oct",201510
2015-10-04 00:00:00.000,20151004,2015,4,"Q4","2015-Q4",10,"Oct","2015-Oct",201510,7,"Sunday",2015,4,"FQ4","2015-FQ4",10,"Oct","2015-Oct",201510
2015-10-05 00:00:00.000,20151005,2015,4,"Q4","2015-Q4",10,"Oct","2015-Oct",201510,1,"Monday",2015,4,"FQ4","2015-FQ4",10,"Oct","2015-Oct",201510
2015-10-06 00:00:00.000,20151006,2015,4,"Q4","2015-Q4",10,"Oct","2015-Oct",201510,2,"Tuesday",2015,4,"FQ4","2015-FQ4",10,"Oct","2015-Oct",201510
2015-10-07 00:00:00.000,20151007,2015,4,"Q4","2015-Q4",10,"Oct","2015-Oct",201510,3,"Wednesday",2015,4,"FQ4","2015-FQ4",10,"Oct","2015-Oct",201510
2015-10-08 00:00:00.000,20151008,2015,4,"Q4","2015-Q4",10,"Oct","2015-Oct",201510,4,"Thursday",2015,4,"FQ4","2015-FQ4",10,"Oct","2015-Oct",201510
2015-10-09 00:00:00.000,20151009,2015,4,"Q4","2015-Q4",10,"Oct","2015-Oct",201510,5,"Friday",2015,4,"FQ4","2015-FQ4",10,"Oct","2015-Oct",201510
2015-10-10 00:00:00.000,20151010,2015,4,"Q4","2015-Q4",10,"Oct","2015-Oct",201510,6,"Saturday",2015,4,"FQ4","2015-FQ4",10,"Oct","2015-Oct",201510
2015-10-11 00:00:00.000,20151011,2015,4,"Q4","2015-Q4",10,"Oct","2015-Oct",201510,7,"Sunday",2015,4,"FQ4","2015-FQ4",10,"Oct","2015-Oct",201510
2015-10-12 00:00:00.000,20151012,2015,4,"Q4","2015-Q4",10,"Oct","2015-Oct",201510,1,"Monday",2015,4,"FQ4","2015-FQ4",10,"Oct","2015-Oct",201510
2015-10-13 00:00:00.000,20151013,2015,4,"Q4","2015-Q4",10,"Oct","2015-Oct",201510,2,"Tuesday",2015,4,"FQ4","2015-FQ4",10,"Oct","2015-Oct",201510
2015-10-14 00:00:00.000,20151014,2015,4,"Q4","2015-Q4",10,"Oct","2015-Oct",201510,3,"Wednesday",2015,4,"FQ4","2015-FQ4",10,"Oct","2015-Oct",201510
2015-10-15 00:00:00.000,20151015,2015,4,"Q4","2015-Q4",10,"Oct","2015-Oct",201510,4,"Thursday",2015,4,"FQ4","2015-FQ4",10,"Oct","2015-Oct",201510
2015-10-16 00:00:00.000,20151016,2015,4,"Q4","2015-Q4",10,"Oct","2015-Oct",201510,5,"Friday",2015,4,"FQ4","2015-FQ4",10,"Oct","2015-Oct",201510
2015-10-17 00:00:00.000,20151017,2015,4,"Q4","2015-Q4",10,"Oct","2015-Oct",201510,6,"Saturday",2015,4,"FQ4","2015-FQ4",10,"Oct","2015-Oct",201510
2015-10-18 00:00:00.000,20151018,2015,4,"Q4","2015-Q4",10,"Oct","2015-Oct",201510,7,"Sunday",2015,4,"FQ4","2015-FQ4",10,"Oct","2015-Oct",201510
2015-10-19 00:00:00.000,20151019,2015,4,"Q4","2015-Q4",10,"Oct","2015-Oct",201510,1,"Monday",2015,4,"FQ4","2015-FQ4",10,"Oct","2015-Oct",201510
2015-10-20 00:00:00.000,20151020,2015,4,"Q4","2015-Q4",10,"Oct","2015-Oct",201510,2,"Tuesday",2015,4,"FQ4","2015-FQ4",10,"Oct","2015-Oct",201510
2015-10-21 00:00:00.000,20151021,2015,4,"Q4","2015-Q4",10,"Oct","2015-Oct",201510,3,"Wednesday",2015,4,"FQ4","2015-FQ4",10,"Oct","2015-Oct",201510
2015-10-22 00:00:00.000,20151022,2015,4,"Q4","2015-Q4",10,"Oct","2015-Oct",201510,4,"Thursday",2015,4,"FQ4","2015-FQ4",10,"Oct","2015-Oct",201510
2015-10-23 00:00:00.000,20151023,2015,4,"Q4","2015-Q4",10,"Oct","2015-Oct",201510,5,"Friday",2015,4,"FQ4","2015-FQ4",10,"Oct","2015-Oct",201510
2015-10-24 00:00:00.000,20151024,2015,4,"Q4","2015-Q4",10,"Oct","2015-Oct",201510,6,"Saturday",2015,4,"FQ4","2015-FQ4",10,"Oct","2015-Oct",201510
2015-10-25 00:00:00.000,20151025,2015,4,"Q4","2015-Q4",10,"Oct","2015-Oct",201510,7,"Sunday",2015,4,"FQ4","2015-FQ4",10,"Oct","2015-Oct",201510
2015-10-26 00:00:00.000,20151026,2015,4,"Q4","2015-Q4",10,"Oct","2015-Oct",201510,1,"Monday",2015,4,"FQ4","2015-FQ4",10,"Oct","2015-Oct",201510
2015-10-27 00:00:00.000,20151027,2015,4,"Q4","2015-Q4",10,"Oct","2015-Oct",201510,2,"Tuesday",2015,4,"FQ4","2015-FQ4",10,"Oct","2015-Oct",201510
2015-10-28 00:00:00.000,20151028,2015,4,"Q4","2015-Q4",10,"Oct","2015-Oct",201510,3,"Wednesday",2015,4,"FQ4","2015-FQ4",10,"Oct","2015-Oct",201510
2015-10-29 00:00:00.000,20151029,2015,4,"Q4","2015-Q4",10,"Oct","2015-Oct",201510,4,"Thursday",2015,4,"FQ4","2015-FQ4",10,"Oct","2015-Oct",201510
2015-10-30 00:00:00.000,20151030,2015,4,"Q4","2015-Q4",10,"Oct","2015-Oct",201510,5,"Friday",2015,4,"FQ4","2015-FQ4",10,"Oct","2015-Oct",201510
2015-10-31 00:00:00.000,20151031,2015,4,"Q4","2015-Q4",10,"Oct","2015-Oct",201510,6,"Saturday",2015,4,"FQ4","2015-FQ4",10,"Oct","2015-Oct",201510
2012-05-01 00:00:00.000,20120501,2012,2,"Q2","2012-Q2",5,"May","2012-May",201205,2,"Tuesday",2012,2,"FQ2","2012-FQ2",5,"May","2012-May",201205
2012-05-02 00:00:00.000,20120502,2012,2,"Q2","2012-Q2",5,"May","2012-May",201205,3,"Wednesday",2012,2,"FQ2","2012-FQ2",5,"May","2012-May",201205
2012-05-03 00:00:00.000,20120503,2012,2,"Q2","2012-Q2",5,"May","2012-May",201205,4,"Thursday",2012,2,"FQ2","2012-FQ2",5,"May","2012-May",201205
2012-05-04 00:00:00.000,20120504,2012,2,"Q2","2012-Q2",5,"May","2012-May",201205,5,"Friday",2012,2,"FQ2","2012-FQ2",5,"May","2012-May",201205
2012-05-05 00:00:00.000,20120505,2012,2,"Q2","2012-Q2",5,"May","2012-May",201205,6,"Saturday",2012,2,"FQ2","2012-FQ2",5,"May","2012-May",201205
2012-05-06 00:00:00.000,20120506,2012,2,"Q2","2012-Q2",5,"May","2012-May",201205,7,"Sunday",2012,2,"FQ2","2012-FQ2",5,"May","2012-May",201205
2012-05-07 00:00:00.000,20120507,2012,2,"Q2","2012-Q2",5,"May","2012-May",201205,1,"Monday",2012,2,"FQ2","2012-FQ2",5,"May","2012-May",201205
2012-05-08 00:00:00.000,20120508,2012,2,"Q2","2012-Q2",5,"May","2012-May",201205,2,"Tuesday",2012,2,"FQ2","2012-FQ2",5,"May","2012-May",201205
2012-05-09 00:00:00.000,20120509,2012,2,"Q2","2012-Q2",5,"May","2012-May",201205,3,"Wednesday",2012,2,"FQ2","2012-FQ2",5,"May","2012-May",201205
2012-05-10 00:00:00.000,20120510,2012,2,"Q2","2012-Q2",5,"May","2012-May",201205,4,"Thursday",2012,2,"FQ2","2012-FQ2",5,"May","2012-May",201205
2012-05-11 00:00:00.000,20120511,2012,2,"Q2","2012-Q2",5,"May","2012-May",201205,5,"Friday",2012,2,"FQ2","2012-FQ2",5,"May","2012-May",201205
2012-05-12 00:00:00.000,20120512,2012,2,"Q2","2012-Q2",5,"May","2012-May",201205,6,"Saturday",2012,2,"FQ2","2012-FQ2",5,"May","2012-May",201205
2012-05-13 00:00:00.000,20120513,2012,2,"Q2","2012-Q2",5,"May","2012-May",201205,7,"Sunday",2012,2,"FQ2","2012-FQ2",5,"May","2012-May",201205
2012-05-14 00:00:00.000,20120514,2012,2,"Q2","2012-Q2",5,"May","2012-May",201205,1,"Monday",2012,2,"FQ2","2012-FQ2",5,"May","2012-May",201205
2012-05-15 00:00:00.000,20120515,2012,2,"Q2","2012-Q2",5,"May","2012-May",201205,2,"Tuesday",2012,2,"FQ2","2012-FQ2",5,"May","2012-May",201205
2012-05-16 00:00:00.000,20120516,2012,2,"Q2","2012-Q2",5,"May","2012-May",201205,3,"Wednesday",2012,2,"FQ2","2012-FQ2",5,"May","2012-May",201205
2012-05-17 00:00:00.000,20120517,2012,2,"Q2","2012-Q2",5,"May","2012-May",201205,4,"Thursday",2012,2,"FQ2","2012-FQ2",5,"May","2012-May",201205
2012-05-18 00:00:00.000,20120518,2012,2,"Q2","2012-Q2",5,"May","2012-May",201205,5,"Friday",2012,2,"FQ2","2012-FQ2",5,"May","2012-May",201205
2012-05-19 00:00:00.000,20120519,2012,2,"Q2","2012-Q2",5,"May","2012-May",201205,6,"Saturday",2012,2,"FQ2","2012-FQ2",5,"May","2012-May",201205
2012-05-20 00:00:00.000,20120520,2012,2,"Q2","2012-Q2",5,"May","2012-May",201205,7,"Sunday",2012,2,"FQ2","2012-FQ2",5,"May","2012-May",201205
2012-05-21 00:00:00.000,20120521,2012,2,"Q2","2012-Q2",5,"May","2012-May",201205,1,"Monday",2012,2,"FQ2","2012-FQ2",5,"May","2012-May",201205
2012-05-22 00:00:00.000,20120522,2012,2,"Q2","2012-Q2",5,"May","2012-May",201205,2,"Tuesday",2012,2,"FQ2","2012-FQ2",5,"May","2012-May",201205
2012-05-23 00:00:00.000,20120523,2012,2,"Q2","2012-Q2",5,"May","2012-May",201205,3,"Wednesday",2012,2,"FQ2","2012-FQ2",5,"May","2012-May",201205
2012-05-24 00:00:00.000,20120524,2012,2,"Q2","2012-Q2",5,"May","2012-May",201205,4,"Thursday",2012,2,"FQ2","2012-FQ2",5,"May","2012-May",201205
2012-05-25 00:00:00.000,20120525,2012,2,"Q2","2012-Q2",5,"May","2012-May",201205,5,"Friday",2012,2,"FQ2","2012-FQ2",5,"May","2012-May",201205
2012-05-26 00:00:00.000,20120526,2012,2,"Q2","2012-Q2",5,"May","2012-May",201205,6,"Saturday",2012,2,"FQ2","2012-FQ2",5,"May","2012-May",201205
2012-05-27 00:00:00.000,20120527,2012,2,"Q2","2012-Q2",5,"May","2012-May",201205,7,"Sunday",2012,2,"FQ2","2012-FQ2",5,"May","2012-May",201205
2012-05-28 00:00:00.000,20120528,2012,2,"Q2","2012-Q2",5,"May","2012-May",201205,1,"Monday",2012,2,"FQ2","2012-FQ2",5,"May","2012-May",201205
2012-05-29 00:00:00.000,20120529,2012,2,"Q2","2012-Q2",5,"May","2012-May",201205,2,"Tuesday",2012,2,"FQ2","2012-FQ2",5,"May","2012-May",201205
2012-05-30 00:00:00.000,20120530,2012,2,"Q2","2012-Q2",5,"May","2012-May",201205,3,"Wednesday",2012,2,"FQ2","2012-FQ2",5,"May","2012-May",201205
2012-05-31 00:00:00.000,20120531,2012,2,"Q2","2012-Q2",5,"May","2012-May",201205,4,"Thursday",2012,2,"FQ2","2012-FQ2",5,"May","2012-May",201205
2013-05-01 00:00:00.000,20130501,2013,2,"Q2","2013-Q2",5,"May","2013-May",201305,3,"Wednesday",2013,2,"FQ2","2013-FQ2",5,"May","2013-May",201305
2013-05-02 00:00:00.000,20130502,2013,2,"Q2","2013-Q2",5,"May","2013-May",201305,4,"Thursday",2013,2,"FQ2","2013-FQ2",5,"May","2013-May",201305
2013-05-03 00:00:00.000,20130503,2013,2,"Q2","2013-Q2",5,"May","2013-May",201305,5,"Friday",2013,2,"FQ2","2013-FQ2",5,"May","2013-May",201305
2013-05-04 00:00:00.000,20130504,2013,2,"Q2","2013-Q2",5,"May","2013-May",201305,6,"Saturday",2013,2,"FQ2","2013-FQ2",5,"May","2013-May",201305
2013-05-05 00:00:00.000,20130505,2013,2,"Q2","2013-Q2",5,"May","2013-May",201305,7,"Sunday",2013,2,"FQ2","2013-FQ2",5,"May","2013-May",201305
2013-05-06 00:00:00.000,20130506,2013,2,"Q2","2013-Q2",5,"May","2013-May",201305,1,"Monday",2013,2,"FQ2","2013-FQ2",5,"May","2013-May",201305
2013-05-07 00:00:00.000,20130507,2013,2,"Q2","2013-Q2",5,"May","2013-May",201305,2,"Tuesday",2013,2,"FQ2","2013-FQ2",5,"May","2013-May",201305
2013-05-08 00:00:00.000,20130508,2013,2,"Q2","2013-Q2",5,"May","2013-May",201305,3,"Wednesday",2013,2,"FQ2","2013-FQ2",5,"May","2013-May",201305
2013-05-09 00:00:00.000,20130509,2013,2,"Q2","2013-Q2",5,"May","2013-May",201305,4,"Thursday",2013,2,"FQ2","2013-FQ2",5,"May","2013-May",201305
2013-05-10 00:00:00.000,20130510,2013,2,"Q2","2013-Q2",5,"May","2013-May",201305,5,"Friday",2013,2,"FQ2","2013-FQ2",5,"May","2013-May",201305
2013-05-11 00:00:00.000,20130511,2013,2,"Q2","2013-Q2",5,"May","2013-May",201305,6,"Saturday",2013,2,"FQ2","2013-FQ2",5,"May","2013-May",201305
2013-05-12 00:00:00.000,20130512,2013,2,"Q2","2013-Q2",5,"May","2013-May",201305,7,"Sunday",2013,2,"FQ2","2013-FQ2",5,"May","2013-May",201305
2013-05-13 00:00:00.000,20130513,2013,2,"Q2","2013-Q2",5,"May","2013-May",201305,1,"Monday",2013,2,"FQ2","2013-FQ2",5,"May","2013-May",201305
2013-05-14 00:00:00.000,20130514,2013,2,"Q2","2013-Q2",5,"May","2013-May",201305,2,"Tuesday",2013,2,"FQ2","2013-FQ2",5,"May","2013-May",201305
2013-05-15 00:00:00.000,20130515,2013,2,"Q2","2013-Q2",5,"May","2013-May",201305,3,"Wednesday",2013,2,"FQ2","2013-FQ2",5,"May","2013-May",201305
2013-05-16 00:00:00.000,20130516,2013,2,"Q2","2013-Q2",5,"May","2013-May",201305,4,"Thursday",2013,2,"FQ2","2013-FQ2",5,"May","2013-May",201305
2013-05-17 00:00:00.000,20130517,2013,2,"Q2","2013-Q2",5,"May","2013-May",201305,5,"Friday",2013,2,"FQ2","2013-FQ2",5,"May","2013-May",201305
2013-05-18 00:00:00.000,20130518,2013,2,"Q2","2013-Q2",5,"May","2013-May",201305,6,"Saturday",2013,2,"FQ2","2013-FQ2",5,"May","2013-May",201305
2013-05-19 00:00:00.000,20130519,2013,2,"Q2","2013-Q2",5,"May","2013-May",201305,7,"Sunday",2013,2,"FQ2","2013-FQ2",5,"May","2013-May",201305
2013-05-20 00:00:00.000,20130520,2013,2,"Q2","2013-Q2",5,"May","2013-May",201305,1,"Monday",2013,2,"FQ2","2013-FQ2",5,"May","2013-May",201305
2013-05-21 00:00:00.000,20130521,2013,2,"Q2","2013-Q2",5,"May","2013-May",201305,2,"Tuesday",2013,2,"FQ2","2013-FQ2",5,"May","2013-May",201305
2013-05-22 00:00:00.000,20130522,2013,2,"Q2","2013-Q2",5,"May","2013-May",201305,3,"Wednesday",2013,2,"FQ2","2013-FQ2",5,"May","2013-May",201305
2013-05-23 00:00:00.000,20130523,2013,2,"Q2","2013-Q2",5,"May","2013-May",201305,4,"Thursday",2013,2,"FQ2","2013-FQ2",5,"May","2013-May",201305
2013-05-24 00:00:00.000,20130524,2013,2,"Q2","2013-Q2",5,"May","2013-May",201305,5,"Friday",2013,2,"FQ2","2013-FQ2",5,"May","2013-May",201305
2013-05-25 00:00:00.000,20130525,2013,2,"Q2","2013-Q2",5,"May","2013-May",201305,6,"Saturday",2013,2,"FQ2","2013-FQ2",5,"May","2013-May",201305
2013-05-26 00:00:00.000,20130526,2013,2,"Q2","2013-Q2",5,"May","2013-May",201305,7,"Sunday",2013,2,"FQ2","2013-FQ2",5,"May","2013-May",201305
2013-05-27 00:00:00.000,20130527,2013,2,"Q2","2013-Q2",5,"May","2013-May",201305,1,"Monday",2013,2,"FQ2","2013-FQ2",5,"May","2013-May",201305
2013-05-28 00:00:00.000,20130528,2013,2,"Q2","2013-Q2",5,"May","2013-May",201305,2,"Tuesday",2013,2,"FQ2","2013-FQ2",5,"May","2013-May",201305
2013-05-29 00:00:00.000,20130529,2013,2,"Q2","2013-Q2",5,"May","2013-May",201305,3,"Wednesday",2013,2,"FQ2","2013-FQ2",5,"May","2013-May",201305
2013-05-30 00:00:00.000,20130530,2013,2,"Q2","2013-Q2",5,"May","2013-May",201305,4,"Thursday",2013,2,"FQ2","2013-FQ2",5,"May","2013-May",201305
2013-05-31 00:00:00.000,20130531,2013,2,"Q2","2013-Q2",5,"May","2013-May",201305,5,"Friday",2013,2,"FQ2","2013-FQ2",5,"May","2013-May",201305
2014-05-01 00:00:00.000,20140501,2014,2,"Q2","2014-Q2",5,"May","2014-May",201405,4,"Thursday",2014,2,"FQ2","2014-FQ2",5,"May","2014-May",201405
2014-05-02 00:00:00.000,20140502,2014,2,"Q2","2014-Q2",5,"May","2014-May",201405,5,"Friday",2014,2,"FQ2","2014-FQ2",5,"May","2014-May",201405
2014-05-03 00:00:00.000,20140503,2014,2,"Q2","2014-Q2",5,"May","2014-May",201405,6,"Saturday",2014,2,"FQ2","2014-FQ2",5,"May","2014-May",201405
2014-05-04 00:00:00.000,20140504,2014,2,"Q2","2014-Q2",5,"May","2014-May",201405,7,"Sunday",2014,2,"FQ2","2014-FQ2",5,"May","2014-May",201405
2014-05-05 00:00:00.000,20140505,2014,2,"Q2","2014-Q2",5,"May","2014-May",201405,1,"Monday",2014,2,"FQ2","2014-FQ2",5,"May","2014-May",201405
2014-05-06 00:00:00.000,20140506,2014,2,"Q2","2014-Q2",5,"May","2014-May",201405,2,"Tuesday",2014,2,"FQ2","2014-FQ2",5,"May","2014-May",201405
2014-05-07 00:00:00.000,20140507,2014,2,"Q2","2014-Q2",5,"May","2014-May",201405,3,"Wednesday",2014,2,"FQ2","2014-FQ2",5,"May","2014-May",201405
2014-05-08 00:00:00.000,20140508,2014,2,"Q2","2014-Q2",5,"May","2014-May",201405,4,"Thursday",2014,2,"FQ2","2014-FQ2",5,"May","2014-May",201405
2014-05-09 00:00:00.000,20140509,2014,2,"Q2","2014-Q2",5,"May","2014-May",201405,5,"Friday",2014,2,"FQ2","2014-FQ2",5,"May","2014-May",201405
2014-05-10 00:00:00.000,20140510,2014,2,"Q2","2014-Q2",5,"May","2014-May",201405,6,"Saturday",2014,2,"FQ2","2014-FQ2",5,"May","2014-May",201405
2014-05-11 00:00:00.000,20140511,2014,2,"Q2","2014-Q2",5,"May","2014-May",201405,7,"Sunday",2014,2,"FQ2","2014-FQ2",5,"May","2014-May",201405
2014-05-12 00:00:00.000,20140512,2014,2,"Q2","2014-Q2",5,"May","2014-May",201405,1,"Monday",2014,2,"FQ2","2014-FQ2",5,"May","2014-May",201405
2014-05-13 00:00:00.000,20140513,2014,2,"Q2","2014-Q2",5,"May","2014-May",201405,2,"Tuesday",2014,2,"FQ2","2014-FQ2",5,"May","2014-May",201405
2014-05-14 00:00:00.000,20140514,2014,2,"Q2","2014-Q2",5,"May","2014-May",201405,3,"Wednesday",2014,2,"FQ2","2014-FQ2",5,"May","2014-May",201405
2014-05-15 00:00:00.000,20140515,2014,2,"Q2","2014-Q2",5,"May","2014-May",201405,4,"Thursday",2014,2,"FQ2","2014-FQ2",5,"May","2014-May",201405
2014-05-16 00:00:00.000,20140516,2014,2,"Q2","2014-Q2",5,"May","2014-May",201405,5,"Friday",2014,2,"FQ2","2014-FQ2",5,"May","2014-May",201405
2014-05-17 00:00:00.000,20140517,2014,2,"Q2","2014-Q2",5,"May","2014-May",201405,6,"Saturday",2014,2,"FQ2","2014-FQ2",5,"May","2014-May",201405
2014-05-18 00:00:00.000,20140518,2014,2,"Q2","2014-Q2",5,"May","2014-May",201405,7,"Sunday",2014,2,"FQ2","2014-FQ2",5,"May","2014-May",201405
2014-05-19 00:00:00.000,20140519,2014,2,"Q2","2014-Q2",5,"May","2014-May",201405,1,"Monday",2014,2,"FQ2","2014-FQ2",5,"May","2014-May",201405
2014-05-20 00:00:00.000,20140520,2014,2,"Q2","2014-Q2",5,"May","2014-May",201405,2,"Tuesday",2014,2,"FQ2","2014-FQ2",5,"May","2014-May",201405
2014-05-21 00:00:00.000,20140521,2014,2,"Q2","2014-Q2",5,"May","2014-May",201405,3,"Wednesday",2014,2,"FQ2","2014-FQ2",5,"May","2014-May",201405
2014-05-22 00:00:00.000,20140522,2014,2,"Q2","2014-Q2",5,"May","2014-May",201405,4,"Thursday",2014,2,"FQ2","2014-FQ2",5,"May","2014-May",201405
2014-05-23 00:00:00.000,20140523,2014,2,"Q2","2014-Q2",5,"May","2014-May",201405,5,"Friday",2014,2,"FQ2","2014-FQ2",5,"May","2014-May",201405
2014-05-24 00:00:00.000,20140524,2014,2,"Q2","2014-Q2",5,"May","2014-May",201405,6,"Saturday",2014,2,"FQ2","2014-FQ2",5,"May","2014-May",201405
2014-05-25 00:00:00.000,20140525,2014,2,"Q2","2014-Q2",5,"May","2014-May",201405,7,"Sunday",2014,2,"FQ2","2014-FQ2",5,"May","2014-May",201405
2014-05-26 00:00:00.000,20140526,2014,2,"Q2","2014-Q2",5,"May","2014-May",201405,1,"Monday",2014,2,"FQ2","2014-FQ2",5,"May","2014-May",201405
2014-05-27 00:00:00.000,20140527,2014,2,"Q2","2014-Q2",5,"May","2014-May",201405,2,"Tuesday",2014,2,"FQ2","2014-FQ2",5,"May","2014-May",201405
2014-05-28 00:00:00.000,20140528,2014,2,"Q2","2014-Q2",5,"May","2014-May",201405,3,"Wednesday",2014,2,"FQ2","2014-FQ2",5,"May","2014-May",201405
2014-05-29 00:00:00.000,20140529,2014,2,"Q2","2014-Q2",5,"May","2014-May",201405,4,"Thursday",2014,2,"FQ2","2014-FQ2",5,"May","2014-May",201405
2014-05-30 00:00:00.000,20140530,2014,2,"Q2","2014-Q2",5,"May","2014-May",201405,5,"Friday",2014,2,"FQ2","2014-FQ2",5,"May","2014-May",201405
2014-05-31 00:00:00.000,20140531,2014,2,"Q2","2014-Q2",5,"May","2014-May",201405,6,"Saturday",2014,2,"FQ2","2014-FQ2",5,"May","2014-May",201405
2015-05-01 00:00:00.000,20150501,2015,2,"Q2","2015-Q2",5,"May","2015-May",201505,5,"Friday",2015,2,"FQ2","2015-FQ2",5,"May","2015-May",201505
2015-05-02 00:00:00.000,20150502,2015,2,"Q2","2015-Q2",5,"May","2015-May",201505,6,"Saturday",2015,2,"FQ2","2015-FQ2",5,"May","2015-May",201505
2015-05-03 00:00:00.000,20150503,2015,2,"Q2","2015-Q2",5,"May","2015-May",201505,7,"Sunday",2015,2,"FQ2","2015-FQ2",5,"May","2015-May",201505
2015-05-04 00:00:00.000,20150504,2015,2,"Q2","2015-Q2",5,"May","2015-May",201505,1,"Monday",2015,2,"FQ2","2015-FQ2",5,"May","2015-May",201505
2015-05-05 00:00:00.000,20150505,2015,2,"Q2","2015-Q2",5,"May","2015-May",201505,2,"Tuesday",2015,2,"FQ2","2015-FQ2",5,"May","2015-May",201505
2015-05-06 00:00:00.000,20150506,2015,2,"Q2","2015-Q2",5,"May","2015-May",201505,3,"Wednesday",2015,2,"FQ2","2015-FQ2",5,"May","2015-May",201505
2015-05-07 00:00:00.000,20150507,2015,2,"Q2","2015-Q2",5,"May","2015-May",201505,4,"Thursday",2015,2,"FQ2","2015-FQ2",5,"May","2015-May",201505
2015-05-08 00:00:00.000,20150508,2015,2,"Q2","2015-Q2",5,"May","2015-May",201505,5,"Friday",2015,2,"FQ2","2015-FQ2",5,"May","2015-May",201505
2015-05-09 00:00:00.000,20150509,2015,2,"Q2","2015-Q2",5,"May","2015-May",201505,6,"Saturday",2015,2,"FQ2","2015-FQ2",5,"May","2015-May",201505
2015-05-10 00:00:00.000,20150510,2015,2,"Q2","2015-Q2",5,"May","2015-May",201505,7,"Sunday",2015,2,"FQ2","2015-FQ2",5,"May","2015-May",201505
2015-05-11 00:00:00.000,20150511,2015,2,"Q2","2015-Q2",5,"May","2015-May",201505,1,"Monday",2015,2,"FQ2","2015-FQ2",5,"May","2015-May",201505
2015-05-12 00:00:00.000,20150512,2015,2,"Q2","2015-Q2",5,"May","2015-May",201505,2,"Tuesday",2015,2,"FQ2","2015-FQ2",5,"May","2015-May",201505
2015-05-13 00:00:00.000,20150513,2015,2,"Q2","2015-Q2",5,"May","2015-May",201505,3,"Wednesday",2015,2,"FQ2","2015-FQ2",5,"May","2015-May",201505
2015-05-14 00:00:00.000,20150514,2015,2,"Q2","2015-Q2",5,"May","2015-May",201505,4,"Thursday",2015,2,"FQ2","2015-FQ2",5,"May","2015-May",201505
2015-05-15 00:00:00.000,20150515,2015,2,"Q2","2015-Q2",5,"May","2015-May",201505,5,"Friday",2015,2,"FQ2","2015-FQ2",5,"May","2015-May",201505
2015-05-16 00:00:00.000,20150516,2015,2,"Q2","2015-Q2",5,"May","2015-May",201505,6,"Saturday",2015,2,"FQ2","2015-FQ2",5,"May","2015-May",201505
2015-05-17 00:00:00.000,20150517,2015,2,"Q2","2015-Q2",5,"May","2015-May",201505,7,"Sunday",2015,2,"FQ2","2015-FQ2",5,"May","2015-May",201505
2015-05-18 00:00:00.000,20150518,2015,2,"Q2","2015-Q2",5,"May","2015-May",201505,1,"Monday",2015,2,"FQ2","2015-FQ2",5,"May","2015-May",201505
2015-05-19 00:00:00.000,20150519,2015,2,"Q2","2015-Q2",5,"May","2015-May",201505,2,"Tuesday",2015,2,"FQ2","2015-FQ2",5,"May","2015-May",201505
2015-05-20 00:00:00.000,20150520,2015,2,"Q2","2015-Q2",5,"May","2015-May",201505,3,"Wednesday",2015,2,"FQ2","2015-FQ2",5,"May","2015-May",201505
2015-05-21 00:00:00.000,20150521,2015,2,"Q2","2015-Q2",5,"May","2015-May",201505,4,"Thursday",2015,2,"FQ2","2015-FQ2",5,"May","2015-May",201505
2015-05-22 00:00:00.000,20150522,2015,2,"Q2","2015-Q2",5,"May","2015-May",201505,5,"Friday",2015,2,"FQ2","2015-FQ2",5,"May","2015-May",201505
2015-05-23 00:00:00.000,20150523,2015,2,"Q2","2015-Q2",5,"May","2015-May",201505,6,"Saturday",2015,2,"FQ2","2015-FQ2",5,"May","2015-May",201505
2015-05-24 00:00:00.000,20150524,2015,2,"Q2","2015-Q2",5,"May","2015-May",201505,7,"Sunday",2015,2,"FQ2","2015-FQ2",5,"May","2015-May",201505
2015-05-25 00:00:00.000,20150525,2015,2,"Q2","2015-Q2",5,"May","2015-May",201505,1,"Monday",2015,2,"FQ2","2015-FQ2",5,"May","2015-May",201505
2015-05-26 00:00:00.000,20150526,2015,2,"Q2","2015-Q2",5,"May","2015-May",201505,2,"Tuesday",2015,2,"FQ2","2015-FQ2",5,"May","2015-May",201505
2015-05-27 00:00:00.000,20150527,2015,2,"Q2","2015-Q2",5,"May","2015-May",201505,3,"Wednesday",2015,2,"FQ2","2015-FQ2",5,"May","2015-May",201505
2015-05-28 00:00:00.000,20150528,2015,2,"Q2","2015-Q2",5,"May","2015-May",201505,4,"Thursday",2015,2,"FQ2","2015-FQ2",5,"May","2015-May",201505
2015-05-29 00:00:00.000,20150529,2015,2,"Q2","2015-Q2",5,"May","2015-May",201505,5,"Friday",2015,2,"FQ2","2015-FQ2",5,"May","2015-May",201505
2015-05-30 00:00:00.000,20150530,2015,2,"Q2","2015-Q2",5,"May","2015-May",201505,6,"Saturday",2015,2,"FQ2","2015-FQ2",5,"May","2015-May",201505
2015-05-31 00:00:00.000,20150531,2015,2,"Q2","2015-Q2",5,"May","2015-May",201505,7,"Sunday",2015,2,"FQ2","2015-FQ2",5,"May","2015-May",201505
2012-04-01 00:00:00.000,20120401,2012,2,"Q2","2012-Q2",4,"Apr","2012-Apr",201204,7,"Sunday",2012,2,"FQ2","2012-FQ2",4,"Apr","2012-Apr",201204
2012-04-02 00:00:00.000,20120402,2012,2,"Q2","2012-Q2",4,"Apr","2012-Apr",201204,1,"Monday",2012,2,"FQ2","2012-FQ2",4,"Apr","2012-Apr",201204
2012-04-03 00:00:00.000,20120403,2012,2,"Q2","2012-Q2",4,"Apr","2012-Apr",201204,2,"Tuesday",2012,2,"FQ2","2012-FQ2",4,"Apr","2012-Apr",201204
2012-04-04 00:00:00.000,20120404,2012,2,"Q2","2012-Q2",4,"Apr","2012-Apr",201204,3,"Wednesday",2012,2,"FQ2","2012-FQ2",4,"Apr","2012-Apr",201204
2012-04-05 00:00:00.000,20120405,2012,2,"Q2","2012-Q2",4,"Apr","2012-Apr",201204,4,"Thursday",2012,2,"FQ2","2012-FQ2",4,"Apr","2012-Apr",201204
2012-04-06 00:00:00.000,20120406,2012,2,"Q2","2012-Q2",4,"Apr","2012-Apr",201204,5,"Friday",2012,2,"FQ2","2012-FQ2",4,"Apr","2012-Apr",201204
2012-04-07 00:00:00.000,20120407,2012,2,"Q2","2012-Q2",4,"Apr","2012-Apr",201204,6,"Saturday",2012,2,"FQ2","2012-FQ2",4,"Apr","2012-Apr",201204
2012-04-08 00:00:00.000,20120408,2012,2,"Q2","2012-Q2",4,"Apr","2012-Apr",201204,7,"Sunday",2012,2,"FQ2","2012-FQ2",4,"Apr","2012-Apr",201204
2012-04-09 00:00:00.000,20120409,2012,2,"Q2","2012-Q2",4,"Apr","2012-Apr",201204,1,"Monday",2012,2,"FQ2","2012-FQ2",4,"Apr","2012-Apr",201204
2012-04-10 00:00:00.000,20120410,2012,2,"Q2","2012-Q2",4,"Apr","2012-Apr",201204,2,"Tuesday",2012,2,"FQ2","2012-FQ2",4,"Apr","2012-Apr",201204
2012-04-11 00:00:00.000,20120411,2012,2,"Q2","2012-Q2",4,"Apr","2012-Apr",201204,3,"Wednesday",2012,2,"FQ2","2012-FQ2",4,"Apr","2012-Apr",201204
2012-04-12 00:00:00.000,20120412,2012,2,"Q2","2012-Q2",4,"Apr","2012-Apr",201204,4,"Thursday",2012,2,"FQ2","2012-FQ2",4,"Apr","2012-Apr",201204
2012-04-13 00:00:00.000,20120413,2012,2,"Q2","2012-Q2",4,"Apr","2012-Apr",201204,5,"Friday",2012,2,"FQ2","2012-FQ2",4,"Apr","2012-Apr",201204
2012-04-14 00:00:00.000,20120414,2012,2,"Q2","2012-Q2",4,"Apr","2012-Apr",201204,6,"Saturday",2012,2,"FQ2","2012-FQ2",4,"Apr","2012-Apr",201204
2012-04-15 00:00:00.000,20120415,2012,2,"Q2","2012-Q2",4,"Apr","2012-Apr",201204,7,"Sunday",2012,2,"FQ2","2012-FQ2",4,"Apr","2012-Apr",201204
2012-04-16 00:00:00.000,20120416,2012,2,"Q2","2012-Q2",4,"Apr","2012-Apr",201204,1,"Monday",2012,2,"FQ2","2012-FQ2",4,"Apr","2012-Apr",201204
2012-04-17 00:00:00.000,20120417,2012,2,"Q2","2012-Q2",4,"Apr","2012-Apr",201204,2,"Tuesday",2012,2,"FQ2","2012-FQ2",4,"Apr","2012-Apr",201204
2012-04-18 00:00:00.000,20120418,2012,2,"Q2","2012-Q2",4,"Apr","2012-Apr",201204,3,"Wednesday",2012,2,"FQ2","2012-FQ2",4,"Apr","2012-Apr",201204
2012-04-19 00:00:00.000,20120419,2012,2,"Q2","2012-Q2",4,"Apr","2012-Apr",201204,4,"Thursday",2012,2,"FQ2","2012-FQ2",4,"Apr","2012-Apr",201204
2012-04-20 00:00:00.000,20120420,2012,2,"Q2","2012-Q2",4,"Apr","2012-Apr",201204,5,"Friday",2012,2,"FQ2","2012-FQ2",4,"Apr","2012-Apr",201204
2012-04-21 00:00:00.000,20120421,2012,2,"Q2","2012-Q2",4,"Apr","2012-Apr",201204,6,"Saturday",2012,2,"FQ2","2012-FQ2",4,"Apr","2012-Apr",201204
2012-04-22 00:00:00.000,20120422,2012,2,"Q2","2012-Q2",4,"Apr","2012-Apr",201204,7,"Sunday",2012,2,"FQ2","2012-FQ2",4,"Apr","2012-Apr",201204
2012-04-23 00:00:00.000,20120423,2012,2,"Q2","2012-Q2",4,"Apr","2012-Apr",201204,1,"Monday",2012,2,"FQ2","2012-FQ2",4,"Apr","2012-Apr",201204
2012-04-24 00:00:00.000,20120424,2012,2,"Q2","2012-Q2",4,"Apr","2012-Apr",201204,2,"Tuesday",2012,2,"FQ2","2012-FQ2",4,"Apr","2012-Apr",201204
2012-04-25 00:00:00.000,20120425,2012,2,"Q2","2012-Q2",4,"Apr","2012-Apr",201204,3,"Wednesday",2012,2,"FQ2","2012-FQ2",4,"Apr","2012-Apr",201204
2012-04-26 00:00:00.000,20120426,2012,2,"Q2","2012-Q2",4,"Apr","2012-Apr",201204,4,"Thursday",2012,2,"FQ2","2012-FQ2",4,"Apr","2012-Apr",201204
2012-04-27 00:00:00.000,20120427,2012,2,"Q2","2012-Q2",4,"Apr","2012-Apr",201204,5,"Friday",2012,2,"FQ2","2012-FQ2",4,"Apr","2012-Apr",201204
2012-04-28 00:00:00.000,20120428,2012,2,"Q2","2012-Q2",4,"Apr","2012-Apr",201204,6,"Saturday",2012,2,"FQ2","2012-FQ2",4,"Apr","2012-Apr",201204
2012-04-29 00:00:00.000,20120429,2012,2,"Q2","2012-Q2",4,"Apr","2012-Apr",201204,7,"Sunday",2012,2,"FQ2","2012-FQ2",4,"Apr","2012-Apr",201204
2012-04-30 00:00:00.000,20120430,2012,2,"Q2","2012-Q2",4,"Apr","2012-Apr",201204,1,"Monday",2012,2,"FQ2","2012-FQ2",4,"Apr","2012-Apr",201204
2013-04-01 00:00:00.000,20130401,2013,2,"Q2","2013-Q2",4,"Apr","2013-Apr",201304,1,"Monday",2013,2,"FQ2","2013-FQ2",4,"Apr","2013-Apr",201304
2013-04-02 00:00:00.000,20130402,2013,2,"Q2","2013-Q2",4,"Apr","2013-Apr",201304,2,"Tuesday",2013,2,"FQ2","2013-FQ2",4,"Apr","2013-Apr",201304
2013-04-03 00:00:00.000,20130403,2013,2,"Q2","2013-Q2",4,"Apr","2013-Apr",201304,3,"Wednesday",2013,2,"FQ2","2013-FQ2",4,"Apr","2013-Apr",201304
2013-04-04 00:00:00.000,20130404,2013,2,"Q2","2013-Q2",4,"Apr","2013-Apr",201304,4,"Thursday",2013,2,"FQ2","2013-FQ2",4,"Apr","2013-Apr",201304
2013-04-05 00:00:00.000,20130405,2013,2,"Q2","2013-Q2",4,"Apr","2013-Apr",201304,5,"Friday",2013,2,"FQ2","2013-FQ2",4,"Apr","2013-Apr",201304
2013-04-06 00:00:00.000,20130406,2013,2,"Q2","2013-Q2",4,"Apr","2013-Apr",201304,6,"Saturday",2013,2,"FQ2","2013-FQ2",4,"Apr","2013-Apr",201304
2013-04-07 00:00:00.000,20130407,2013,2,"Q2","2013-Q2",4,"Apr","2013-Apr",201304,7,"Sunday",2013,2,"FQ2","2013-FQ2",4,"Apr","2013-Apr",201304
2013-04-08 00:00:00.000,20130408,2013,2,"Q2","2013-Q2",4,"Apr","2013-Apr",201304,1,"Monday",2013,2,"FQ2","2013-FQ2",4,"Apr","2013-Apr",201304
2013-04-09 00:00:00.000,20130409,2013,2,"Q2","2013-Q2",4,"Apr","2013-Apr",201304,2,"Tuesday",2013,2,"FQ2","2013-FQ2",4,"Apr","2013-Apr",201304
2013-04-10 00:00:00.000,20130410,2013,2,"Q2","2013-Q2",4,"Apr","2013-Apr",201304,3,"Wednesday",2013,2,"FQ2","2013-FQ2",4,"Apr","2013-Apr",201304
2013-04-11 00:00:00.000,20130411,2013,2,"Q2","2013-Q2",4,"Apr","2013-Apr",201304,4,"Thursday",2013,2,"FQ2","2013-FQ2",4,"Apr","2013-Apr",201304
2013-04-12 00:00:00.000,20130412,2013,2,"Q2","2013-Q2",4,"Apr","2013-Apr",201304,5,"Friday",2013,2,"FQ2","2013-FQ2",4,"Apr","2013-Apr",201304
2013-04-13 00:00:00.000,20130413,2013,2,"Q2","2013-Q2",4,"Apr","2013-Apr",201304,6,"Saturday",2013,2,"FQ2","2013-FQ2",4,"Apr","2013-Apr",201304
2013-04-14 00:00:00.000,20130414,2013,2,"Q2","2013-Q2",4,"Apr","2013-Apr",201304,7,"Sunday",2013,2,"FQ2","2013-FQ2",4,"Apr","2013-Apr",201304
2013-04-15 00:00:00.000,20130415,2013,2,"Q2","2013-Q2",4,"Apr","2013-Apr",201304,1,"Monday",2013,2,"FQ2","2013-FQ2",4,"Apr","2013-Apr",201304
2013-04-16 00:00:00.000,20130416,2013,2,"Q2","2013-Q2",4,"Apr","2013-Apr",201304,2,"Tuesday",2013,2,"FQ2","2013-FQ2",4,"Apr","2013-Apr",201304
2013-04-17 00:00:00.000,20130417,2013,2,"Q2","2013-Q2",4,"Apr","2013-Apr",201304,3,"Wednesday",2013,2,"FQ2","2013-FQ2",4,"Apr","2013-Apr",201304
2013-04-18 00:00:00.000,20130418,2013,2,"Q2","2013-Q2",4,"Apr","2013-Apr",201304,4,"Thursday",2013,2,"FQ2","2013-FQ2",4,"Apr","2013-Apr",201304
2013-04-19 00:00:00.000,20130419,2013,2,"Q2","2013-Q2",4,"Apr","2013-Apr",201304,5,"Friday",2013,2,"FQ2","2013-FQ2",4,"Apr","2013-Apr",201304
2013-04-20 00:00:00.000,20130420,2013,2,"Q2","2013-Q2",4,"Apr","2013-Apr",201304,6,"Saturday",2013,2,"FQ2","2013-FQ2",4,"Apr","2013-Apr",201304
2013-04-21 00:00:00.000,20130421,2013,2,"Q2","2013-Q2",4,"Apr","2013-Apr",201304,7,"Sunday",2013,2,"FQ2","2013-FQ2",4,"Apr","2013-Apr",201304
2013-04-22 00:00:00.000,20130422,2013,2,"Q2","2013-Q2",4,"Apr","2013-Apr",201304,1,"Monday",2013,2,"FQ2","2013-FQ2",4,"Apr","2013-Apr",201304
2013-04-23 00:00:00.000,20130423,2013,2,"Q2","2013-Q2",4,"Apr","2013-Apr",201304,2,"Tuesday",2013,2,"FQ2","2013-FQ2",4,"Apr","2013-Apr",201304
2013-04-24 00:00:00.000,20130424,2013,2,"Q2","2013-Q2",4,"Apr","2013-Apr",201304,3,"Wednesday",2013,2,"FQ2","2013-FQ2",4,"Apr","2013-Apr",201304
2013-04-25 00:00:00.000,20130425,2013,2,"Q2","2013-Q2",4,"Apr","2013-Apr",201304,4,"Thursday",2013,2,"FQ2","2013-FQ2",4,"Apr","2013-Apr",201304
2013-04-26 00:00:00.000,20130426,2013,2,"Q2","2013-Q2",4,"Apr","2013-Apr",201304,5,"Friday",2013,2,"FQ2","2013-FQ2",4,"Apr","2013-Apr",201304
2013-04-27 00:00:00.000,20130427,2013,2,"Q2","2013-Q2",4,"Apr","2013-Apr",201304,6,"Saturday",2013,2,"FQ2","2013-FQ2",4,"Apr","2013-Apr",201304
2013-04-28 00:00:00.000,20130428,2013,2,"Q2","2013-Q2",4,"Apr","2013-Apr",201304,7,"Sunday",2013,2,"FQ2","2013-FQ2",4,"Apr","2013-Apr",201304
2013-04-29 00:00:00.000,20130429,2013,2,"Q2","2013-Q2",4,"Apr","2013-Apr",201304,1,"Monday",2013,2,"FQ2","2013-FQ2",4,"Apr","2013-Apr",201304
2013-04-30 00:00:00.000,20130430,2013,2,"Q2","2013-Q2",4,"Apr","2013-Apr",201304,2,"Tuesday",2013,2,"FQ2","2013-FQ2",4,"Apr","2013-Apr",201304
2014-04-01 00:00:00.000,20140401,2014,2,"Q2","2014-Q2",4,"Apr","2014-Apr",201404,2,"Tuesday",2014,2,"FQ2","2014-FQ2",4,"Apr","2014-Apr",201404
2014-04-02 00:00:00.000,20140402,2014,2,"Q2","2014-Q2",4,"Apr","2014-Apr",201404,3,"Wednesday",2014,2,"FQ2","2014-FQ2",4,"Apr","2014-Apr",201404
2014-04-03 00:00:00.000,20140403,2014,2,"Q2","2014-Q2",4,"Apr","2014-Apr",201404,4,"Thursday",2014,2,"FQ2","2014-FQ2",4,"Apr","2014-Apr",201404
2014-04-04 00:00:00.000,20140404,2014,2,"Q2","2014-Q2",4,"Apr","2014-Apr",201404,5,"Friday",2014,2,"FQ2","2014-FQ2",4,"Apr","2014-Apr",201404
2014-04-05 00:00:00.000,20140405,2014,2,"Q2","2014-Q2",4,"Apr","2014-Apr",201404,6,"Saturday",2014,2,"FQ2","2014-FQ2",4,"Apr","2014-Apr",201404
2014-04-06 00:00:00.000,20140406,2014,2,"Q2","2014-Q2",4,"Apr","2014-Apr",201404,7,"Sunday",2014,2,"FQ2","2014-FQ2",4,"Apr","2014-Apr",201404
2014-04-07 00:00:00.000,20140407,2014,2,"Q2","2014-Q2",4,"Apr","2014-Apr",201404,1,"Monday",2014,2,"FQ2","2014-FQ2",4,"Apr","2014-Apr",201404
2014-04-08 00:00:00.000,20140408,2014,2,"Q2","2014-Q2",4,"Apr","2014-Apr",201404,2,"Tuesday",2014,2,"FQ2","2014-FQ2",4,"Apr","2014-Apr",201404
2014-04-09 00:00:00.000,20140409,2014,2,"Q2","2014-Q2",4,"Apr","2014-Apr",201404,3,"Wednesday",2014,2,"FQ2","2014-FQ2",4,"Apr","2014-Apr",201404
2014-04-10 00:00:00.000,20140410,2014,2,"Q2","2014-Q2",4,"Apr","2014-Apr",201404,4,"Thursday",2014,2,"FQ2","2014-FQ2",4,"Apr","2014-Apr",201404
2014-04-11 00:00:00.000,20140411,2014,2,"Q2","2014-Q2",4,"Apr","2014-Apr",201404,5,"Friday",2014,2,"FQ2","2014-FQ2",4,"Apr","2014-Apr",201404
2014-04-12 00:00:00.000,20140412,2014,2,"Q2","2014-Q2",4,"Apr","2014-Apr",201404,6,"Saturday",2014,2,"FQ2","2014-FQ2",4,"Apr","2014-Apr",201404
2014-04-13 00:00:00.000,20140413,2014,2,"Q2","2014-Q2",4,"Apr","2014-Apr",201404,7,"Sunday",2014,2,"FQ2","2014-FQ2",4,"Apr","2014-Apr",201404
2014-04-14 00:00:00.000,20140414,2014,2,"Q2","2014-Q2",4,"Apr","2014-Apr",201404,1,"Monday",2014,2,"FQ2","2014-FQ2",4,"Apr","2014-Apr",201404
2014-04-15 00:00:00.000,20140415,2014,2,"Q2","2014-Q2",4,"Apr","2014-Apr",201404,2,"Tuesday",2014,2,"FQ2","2014-FQ2",4,"Apr","2014-Apr",201404
2014-04-16 00:00:00.000,20140416,2014,2,"Q2","2014-Q2",4,"Apr","2014-Apr",201404,3,"Wednesday",2014,2,"FQ2","2014-FQ2",4,"Apr","2014-Apr",201404
2014-04-17 00:00:00.000,20140417,2014,2,"Q2","2014-Q2",4,"Apr","2014-Apr",201404,4,"Thursday",2014,2,"FQ2","2014-FQ2",4,"Apr","2014-Apr",201404
2014-04-18 00:00:00.000,20140418,2014,2,"Q2","2014-Q2",4,"Apr","2014-Apr",201404,5,"Friday",2014,2,"FQ2","2014-FQ2",4,"Apr","2014-Apr",201404
2014-04-19 00:00:00.000,20140419,2014,2,"Q2","2014-Q2",4,"Apr","2014-Apr",201404,6,"Saturday",2014,2,"FQ2","2014-FQ2",4,"Apr","2014-Apr",201404
2014-04-20 00:00:00.000,20140420,2014,2,"Q2","2014-Q2",4,"Apr","2014-Apr",201404,7,"Sunday",2014,2,"FQ2","2014-FQ2",4,"Apr","2014-Apr",201404
2014-04-21 00:00:00.000,20140421,2014,2,"Q2","2014-Q2",4,"Apr","2014-Apr",201404,1,"Monday",2014,2,"FQ2","2014-FQ2",4,"Apr","2014-Apr",201404
2014-04-22 00:00:00.000,20140422,2014,2,"Q2","2014-Q2",4,"Apr","2014-Apr",201404,2,"Tuesday",2014,2,"FQ2","2014-FQ2",4,"Apr","2014-Apr",201404
2014-04-23 00:00:00.000,20140423,2014,2,"Q2","2014-Q2",4,"Apr","2014-Apr",201404,3,"Wednesday",2014,2,"FQ2","2014-FQ2",4,"Apr","2014-Apr",201404
2014-04-24 00:00:00.000,20140424,2014,2,"Q2","2014-Q2",4,"Apr","2014-Apr",201404,4,"Thursday",2014,2,"FQ2","2014-FQ2",4,"Apr","2014-Apr",201404
2014-04-25 00:00:00.000,20140425,2014,2,"Q2","2014-Q2",4,"Apr","2014-Apr",201404,5,"Friday",2014,2,"FQ2","2014-FQ2",4,"Apr","2014-Apr",201404
2014-04-26 00:00:00.000,20140426,2014,2,"Q2","2014-Q2",4,"Apr","2014-Apr",201404,6,"Saturday",2014,2,"FQ2","2014-FQ2",4,"Apr","2014-Apr",201404
2014-04-27 00:00:00.000,20140427,2014,2,"Q2","2014-Q2",4,"Apr","2014-Apr",201404,7,"Sunday",2014,2,"FQ2","2014-FQ2",4,"Apr","2014-Apr",201404
2014-04-28 00:00:00.000,20140428,2014,2,"Q2","2014-Q2",4,"Apr","2014-Apr",201404,1,"Monday",2014,2,"FQ2","2014-FQ2",4,"Apr","2014-Apr",201404
2014-04-29 00:00:00.000,20140429,2014,2,"Q2","2014-Q2",4,"Apr","2014-Apr",201404,2,"Tuesday",2014,2,"FQ2","2014-FQ2",4,"Apr","2014-Apr",201404
2014-04-30 00:00:00.000,20140430,2014,2,"Q2","2014-Q2",4,"Apr","2014-Apr",201404,3,"Wednesday",2014,2,"FQ2","2014-FQ2",4,"Apr","2014-Apr",201404
2015-04-01 00:00:00.000,20150401,2015,2,"Q2","2015-Q2",4,"Apr","2015-Apr",201504,3,"Wednesday",2015,2,"FQ2","2015-FQ2",4,"Apr","2015-Apr",201504
2015-04-02 00:00:00.000,20150402,2015,2,"Q2","2015-Q2",4,"Apr","2015-Apr",201504,4,"Thursday",2015,2,"FQ2","2015-FQ2",4,"Apr","2015-Apr",201504
2015-04-03 00:00:00.000,20150403,2015,2,"Q2","2015-Q2",4,"Apr","2015-Apr",201504,5,"Friday",2015,2,"FQ2","2015-FQ2",4,"Apr","2015-Apr",201504
2015-04-04 00:00:00.000,20150404,2015,2,"Q2","2015-Q2",4,"Apr","2015-Apr",201504,6,"Saturday",2015,2,"FQ2","2015-FQ2",4,"Apr","2015-Apr",201504
2015-04-05 00:00:00.000,20150405,2015,2,"Q2","2015-Q2",4,"Apr","2015-Apr",201504,7,"Sunday",2015,2,"FQ2","2015-FQ2",4,"Apr","2015-Apr",201504
2015-04-06 00:00:00.000,20150406,2015,2,"Q2","2015-Q2",4,"Apr","2015-Apr",201504,1,"Monday",2015,2,"FQ2","2015-FQ2",4,"Apr","2015-Apr",201504
2015-04-07 00:00:00.000,20150407,2015,2,"Q2","2015-Q2",4,"Apr","2015-Apr",201504,2,"Tuesday",2015,2,"FQ2","2015-FQ2",4,"Apr","2015-Apr",201504
2015-04-08 00:00:00.000,20150408,2015,2,"Q2","2015-Q2",4,"Apr","2015-Apr",201504,3,"Wednesday",2015,2,"FQ2","2015-FQ2",4,"Apr","2015-Apr",201504
2015-04-09 00:00:00.000,20150409,2015,2,"Q2","2015-Q2",4,"Apr","2015-Apr",201504,4,"Thursday",2015,2,"FQ2","2015-FQ2",4,"Apr","2015-Apr",201504
2015-04-10 00:00:00.000,20150410,2015,2,"Q2","2015-Q2",4,"Apr","2015-Apr",201504,5,"Friday",2015,2,"FQ2","2015-FQ2",4,"Apr","2015-Apr",201504
2015-04-11 00:00:00.000,20150411,2015,2,"Q2","2015-Q2",4,"Apr","2015-Apr",201504,6,"Saturday",2015,2,"FQ2","2015-FQ2",4,"Apr","2015-Apr",201504
2015-04-12 00:00:00.000,20150412,2015,2,"Q2","2015-Q2",4,"Apr","2015-Apr",201504,7,"Sunday",2015,2,"FQ2","2015-FQ2",4,"Apr","2015-Apr",201504
2015-04-13 00:00:00.000,20150413,2015,2,"Q2","2015-Q2",4,"Apr","2015-Apr",201504,1,"Monday",2015,2,"FQ2","2015-FQ2",4,"Apr","2015-Apr",201504
2015-04-14 00:00:00.000,20150414,2015,2,"Q2","2015-Q2",4,"Apr","2015-Apr",201504,2,"Tuesday",2015,2,"FQ2","2015-FQ2",4,"Apr","2015-Apr",201504
2015-04-15 00:00:00.000,20150415,2015,2,"Q2","2015-Q2",4,"Apr","2015-Apr",201504,3,"Wednesday",2015,2,"FQ2","2015-FQ2",4,"Apr","2015-Apr",201504
2015-04-16 00:00:00.000,20150416,2015,2,"Q2","2015-Q2",4,"Apr","2015-Apr",201504,4,"Thursday",2015,2,"FQ2","2015-FQ2",4,"Apr","2015-Apr",201504
2015-04-17 00:00:00.000,20150417,2015,2,"Q2","2015-Q2",4,"Apr","2015-Apr",201504,5,"Friday",2015,2,"FQ2","2015-FQ2",4,"Apr","2015-Apr",201504
2015-04-18 00:00:00.000,20150418,2015,2,"Q2","2015-Q2",4,"Apr","2015-Apr",201504,6,"Saturday",2015,2,"FQ2","2015-FQ2",4,"Apr","2015-Apr",201504
2015-04-19 00:00:00.000,20150419,2015,2,"Q2","2015-Q2",4,"Apr","2015-Apr",201504,7,"Sunday",2015,2,"FQ2","2015-FQ2",4,"Apr","2015-Apr",201504
2015-04-20 00:00:00.000,20150420,2015,2,"Q2","2015-Q2",4,"Apr","2015-Apr",201504,1,"Monday",2015,2,"FQ2","2015-FQ2",4,"Apr","2015-Apr",201504
2015-04-21 00:00:00.000,20150421,2015,2,"Q2","2015-Q2",4,"Apr","2015-Apr",201504,2,"Tuesday",2015,2,"FQ2","2015-FQ2",4,"Apr","2015-Apr",201504
2015-04-22 00:00:00.000,20150422,2015,2,"Q2","2015-Q2",4,"Apr","2015-Apr",201504,3,"Wednesday",2015,2,"FQ2","2015-FQ2",4,"Apr","2015-Apr",201504
2015-04-23 00:00:00.000,20150423,2015,2,"Q2","2015-Q2",4,"Apr","2015-Apr",201504,4,"Thursday",2015,2,"FQ2","2015-FQ2",4,"Apr","2015-Apr",201504
2015-04-24 00:00:00.000,20150424,2015,2,"Q2","2015-Q2",4,"Apr","2015-Apr",201504,5,"Friday",2015,2,"FQ2","2015-FQ2",4,"Apr","2015-Apr",201504
2015-04-25 00:00:00.000,20150425,2015,2,"Q2","2015-Q2",4,"Apr","2015-Apr",201504,6,"Saturday",2015,2,"FQ2","2015-FQ2",4,"Apr","2015-Apr",201504
2015-04-26 00:00:00.000,20150426,2015,2,"Q2","2015-Q2",4,"Apr","2015-Apr",201504,7,"Sunday",2015,2,"FQ2","2015-FQ2",4,"Apr","2015-Apr",201504
2015-04-27 00:00:00.000,20150427,2015,2,"Q2","2015-Q2",4,"Apr","2015-Apr",201504,1,"Monday",2015,2,"FQ2","2015-FQ2",4,"Apr","2015-Apr",201504
2015-04-28 00:00:00.000,20150428,2015,2,"Q2","2015-Q2",4,"Apr","2015-Apr",201504,2,"Tuesday",2015,2,"FQ2","2015-FQ2",4,"Apr","2015-Apr",201504
2015-04-29 00:00:00.000,20150429,2015,2,"Q2","2015-Q2",4,"Apr","2015-Apr",201504,3,"Wednesday",2015,2,"FQ2","2015-FQ2",4,"Apr","2015-Apr",201504
2015-04-30 00:00:00.000,20150430,2015,2,"Q2","2015-Q2",4,"Apr","2015-Apr",201504,4,"Thursday",2015,2,"FQ2","2015-FQ2",4,"Apr","2015-Apr",201504
2012-06-01 00:00:00.000,20120601,2012,2,"Q2","2012-Q2",6,"Jun","2012-Jun",201206,5,"Friday",2012,2,"FQ2","2012-FQ2",6,"Jun","2012-Jun",201206
2012-06-02 00:00:00.000,20120602,2012,2,"Q2","2012-Q2",6,"Jun","2012-Jun",201206,6,"Saturday",2012,2,"FQ2","2012-FQ2",6,"Jun","2012-Jun",201206
2012-06-03 00:00:00.000,20120603,2012,2,"Q2","2012-Q2",6,"Jun","2012-Jun",201206,7,"Sunday",2012,2,"FQ2","2012-FQ2",6,"Jun","2012-Jun",201206
2012-06-04 00:00:00.000,20120604,2012,2,"Q2","2012-Q2",6,"Jun","2012-Jun",201206,1,"Monday",2012,2,"FQ2","2012-FQ2",6,"Jun","2012-Jun",201206
2012-06-05 00:00:00.000,20120605,2012,2,"Q2","2012-Q2",6,"Jun","2012-Jun",201206,2,"Tuesday",2012,2,"FQ2","2012-FQ2",6,"Jun","2012-Jun",201206
2012-06-06 00:00:00.000,20120606,2012,2,"Q2","2012-Q2",6,"Jun","2012-Jun",201206,3,"Wednesday",2012,2,"FQ2","2012-FQ2",6,"Jun","2012-Jun",201206
2012-06-07 00:00:00.000,20120607,2012,2,"Q2","2012-Q2",6,"Jun","2012-Jun",201206,4,"Thursday",2012,2,"FQ2","2012-FQ2",6,"Jun","2012-Jun",201206
2012-06-08 00:00:00.000,20120608,2012,2,"Q2","2012-Q2",6,"Jun","2012-Jun",201206,5,"Friday",2012,2,"FQ2","2012-FQ2",6,"Jun","2012-Jun",201206
2012-06-09 00:00:00.000,20120609,2012,2,"Q2","2012-Q2",6,"Jun","2012-Jun",201206,6,"Saturday",2012,2,"FQ2","2012-FQ2",6,"Jun","2012-Jun",201206
2012-06-10 00:00:00.000,20120610,2012,2,"Q2","2012-Q2",6,"Jun","2012-Jun",201206,7,"Sunday",2012,2,"FQ2","2012-FQ2",6,"Jun","2012-Jun",201206
2012-06-11 00:00:00.000,20120611,2012,2,"Q2","2012-Q2",6,"Jun","2012-Jun",201206,1,"Monday",2012,2,"FQ2","2012-FQ2",6,"Jun","2012-Jun",201206
2012-06-12 00:00:00.000,20120612,2012,2,"Q2","2012-Q2",6,"Jun","2012-Jun",201206,2,"Tuesday",2012,2,"FQ2","2012-FQ2",6,"Jun","2012-Jun",201206
2012-06-13 00:00:00.000,20120613,2012,2,"Q2","2012-Q2",6,"Jun","2012-Jun",201206,3,"Wednesday",2012,2,"FQ2","2012-FQ2",6,"Jun","2012-Jun",201206
2012-06-14 00:00:00.000,20120614,2012,2,"Q2","2012-Q2",6,"Jun","2012-Jun",201206,4,"Thursday",2012,2,"FQ2","2012-FQ2",6,"Jun","2012-Jun",201206
2012-06-15 00:00:00.000,20120615,2012,2,"Q2","2012-Q2",6,"Jun","2012-Jun",201206,5,"Friday",2012,2,"FQ2","2012-FQ2",6,"Jun","2012-Jun",201206
2012-06-16 00:00:00.000,20120616,2012,2,"Q2","2012-Q2",6,"Jun","2012-Jun",201206,6,"Saturday",2012,2,"FQ2","2012-FQ2",6,"Jun","2012-Jun",201206
2012-06-17 00:00:00.000,20120617,2012,2,"Q2","2012-Q2",6,"Jun","2012-Jun",201206,7,"Sunday",2012,2,"FQ2","2012-FQ2",6,"Jun","2012-Jun",201206
2012-06-18 00:00:00.000,20120618,2012,2,"Q2","2012-Q2",6,"Jun","2012-Jun",201206,1,"Monday",2012,2,"FQ2","2012-FQ2",6,"Jun","2012-Jun",201206
2012-06-19 00:00:00.000,20120619,2012,2,"Q2","2012-Q2",6,"Jun","2012-Jun",201206,2,"Tuesday",2012,2,"FQ2","2012-FQ2",6,"Jun","2012-Jun",201206
2012-06-20 00:00:00.000,20120620,2012,2,"Q2","2012-Q2",6,"Jun","2012-Jun",201206,3,"Wednesday",2012,2,"FQ2","2012-FQ2",6,"Jun","2012-Jun",201206
2012-06-21 00:00:00.000,20120621,2012,2,"Q2","2012-Q2",6,"Jun","2012-Jun",201206,4,"Thursday",2012,2,"FQ2","2012-FQ2",6,"Jun","2012-Jun",201206
2012-06-22 00:00:00.000,20120622,2012,2,"Q2","2012-Q2",6,"Jun","2012-Jun",201206,5,"Friday",2012,2,"FQ2","2012-FQ2",6,"Jun","2012-Jun",201206
2012-06-23 00:00:00.000,20120623,2012,2,"Q2","2012-Q2",6,"Jun","2012-Jun",201206,6,"Saturday",2012,2,"FQ2","2012-FQ2",6,"Jun","2012-Jun",201206
2012-06-24 00:00:00.000,20120624,2012,2,"Q2","2012-Q2",6,"Jun","2012-Jun",201206,7,"Sunday",2012,2,"FQ2","2012-FQ2",6,"Jun","2012-Jun",201206
2012-06-25 00:00:00.000,20120625,2012,2,"Q2","2012-Q2",6,"Jun","2012-Jun",201206,1,"Monday",2012,2,"FQ2","2012-FQ2",6,"Jun","2012-Jun",201206
2012-06-26 00:00:00.000,20120626,2012,2,"Q2","2012-Q2",6,"Jun","2012-Jun",201206,2,"Tuesday",2012,2,"FQ2","2012-FQ2",6,"Jun","2012-Jun",201206
2012-06-27 00:00:00.000,20120627,2012,2,"Q2","2012-Q2",6,"Jun","2012-Jun",201206,3,"Wednesday",2012,2,"FQ2","2012-FQ2",6,"Jun","2012-Jun",201206
2012-06-28 00:00:00.000,20120628,2012,2,"Q2","2012-Q2",6,"Jun","2012-Jun",201206,4,"Thursday",2012,2,"FQ2","2012-FQ2",6,"Jun","2012-Jun",201206
2012-06-29 00:00:00.000,20120629,2012,2,"Q2","2012-Q2",6,"Jun","2012-Jun",201206,5,"Friday",2012,2,"FQ2","2012-FQ2",6,"Jun","2012-Jun",201206
2012-06-30 00:00:00.000,20120630,2012,2,"Q2","2012-Q2",6,"Jun","2012-Jun",201206,6,"Saturday",2012,2,"FQ2","2012-FQ2",6,"Jun","2012-Jun",201206
2013-06-01 00:00:00.000,20130601,2013,2,"Q2","2013-Q2",6,"Jun","2013-Jun",201306,6,"Saturday",2013,2,"FQ2","2013-FQ2",6,"Jun","2013-Jun",201306
2013-06-02 00:00:00.000,20130602,2013,2,"Q2","2013-Q2",6,"Jun","2013-Jun",201306,7,"Sunday",2013,2,"FQ2","2013-FQ2",6,"Jun","2013-Jun",201306
2013-06-03 00:00:00.000,20130603,2013,2,"Q2","2013-Q2",6,"Jun","2013-Jun",201306,1,"Monday",2013,2,"FQ2","2013-FQ2",6,"Jun","2013-Jun",201306
2013-06-04 00:00:00.000,20130604,2013,2,"Q2","2013-Q2",6,"Jun","2013-Jun",201306,2,"Tuesday",2013,2,"FQ2","2013-FQ2",6,"Jun","2013-Jun",201306
2013-06-05 00:00:00.000,20130605,2013,2,"Q2","2013-Q2",6,"Jun","2013-Jun",201306,3,"Wednesday",2013,2,"FQ2","2013-FQ2",6,"Jun","2013-Jun",201306
2013-06-06 00:00:00.000,20130606,2013,2,"Q2","2013-Q2",6,"Jun","2013-Jun",201306,4,"Thursday",2013,2,"FQ2","2013-FQ2",6,"Jun","2013-Jun",201306
2013-06-07 00:00:00.000,20130607,2013,2,"Q2","2013-Q2",6,"Jun","2013-Jun",201306,5,"Friday",2013,2,"FQ2","2013-FQ2",6,"Jun","2013-Jun",201306
2013-06-08 00:00:00.000,20130608,2013,2,"Q2","2013-Q2",6,"Jun","2013-Jun",201306,6,"Saturday",2013,2,"FQ2","2013-FQ2",6,"Jun","2013-Jun",201306
2013-06-09 00:00:00.000,20130609,2013,2,"Q2","2013-Q2",6,"Jun","2013-Jun",201306,7,"Sunday",2013,2,"FQ2","2013-FQ2",6,"Jun","2013-Jun",201306
2013-06-10 00:00:00.000,20130610,2013,2,"Q2","2013-Q2",6,"Jun","2013-Jun",201306,1,"Monday",2013,2,"FQ2","2013-FQ2",6,"Jun","2013-Jun",201306
2013-06-11 00:00:00.000,20130611,2013,2,"Q2","2013-Q2",6,"Jun","2013-Jun",201306,2,"Tuesday",2013,2,"FQ2","2013-FQ2",6,"Jun","2013-Jun",201306
2013-06-12 00:00:00.000,20130612,2013,2,"Q2","2013-Q2",6,"Jun","2013-Jun",201306,3,"Wednesday",2013,2,"FQ2","2013-FQ2",6,"Jun","2013-Jun",201306
2013-06-13 00:00:00.000,20130613,2013,2,"Q2","2013-Q2",6,"Jun","2013-Jun",201306,4,"Thursday",2013,2,"FQ2","2013-FQ2",6,"Jun","2013-Jun",201306
2013-06-14 00:00:00.000,20130614,2013,2,"Q2","2013-Q2",6,"Jun","2013-Jun",201306,5,"Friday",2013,2,"FQ2","2013-FQ2",6,"Jun","2013-Jun",201306
2013-06-15 00:00:00.000,20130615,2013,2,"Q2","2013-Q2",6,"Jun","2013-Jun",201306,6,"Saturday",2013,2,"FQ2","2013-FQ2",6,"Jun","2013-Jun",201306
2013-06-16 00:00:00.000,20130616,2013,2,"Q2","2013-Q2",6,"Jun","2013-Jun",201306,7,"Sunday",2013,2,"FQ2","2013-FQ2",6,"Jun","2013-Jun",201306
2013-06-17 00:00:00.000,20130617,2013,2,"Q2","2013-Q2",6,"Jun","2013-Jun",201306,1,"Monday",2013,2,"FQ2","2013-FQ2",6,"Jun","2013-Jun",201306
2013-06-18 00:00:00.000,20130618,2013,2,"Q2","2013-Q2",6,"Jun","2013-Jun",201306,2,"Tuesday",2013,2,"FQ2","2013-FQ2",6,"Jun","2013-Jun",201306
2013-06-19 00:00:00.000,20130619,2013,2,"Q2","2013-Q2",6,"Jun","2013-Jun",201306,3,"Wednesday",2013,2,"FQ2","2013-FQ2",6,"Jun","2013-Jun",201306
2013-06-20 00:00:00.000,20130620,2013,2,"Q2","2013-Q2",6,"Jun","2013-Jun",201306,4,"Thursday",2013,2,"FQ2","2013-FQ2",6,"Jun","2013-Jun",201306
2013-06-21 00:00:00.000,20130621,2013,2,"Q2","2013-Q2",6,"Jun","2013-Jun",201306,5,"Friday",2013,2,"FQ2","2013-FQ2",6,"Jun","2013-Jun",201306
2013-06-22 00:00:00.000,20130622,2013,2,"Q2","2013-Q2",6,"Jun","2013-Jun",201306,6,"Saturday",2013,2,"FQ2","2013-FQ2",6,"Jun","2013-Jun",201306
2013-06-23 00:00:00.000,20130623,2013,2,"Q2","2013-Q2",6,"Jun","2013-Jun",201306,7,"Sunday",2013,2,"FQ2","2013-FQ2",6,"Jun","2013-Jun",201306
2013-06-24 00:00:00.000,20130624,2013,2,"Q2","2013-Q2",6,"Jun","2013-Jun",201306,1,"Monday",2013,2,"FQ2","2013-FQ2",6,"Jun","2013-Jun",201306
2013-06-25 00:00:00.000,20130625,2013,2,"Q2","2013-Q2",6,"Jun","2013-Jun",201306,2,"Tuesday",2013,2,"FQ2","2013-FQ2",6,"Jun","2013-Jun",201306
2013-06-26 00:00:00.000,20130626,2013,2,"Q2","2013-Q2",6,"Jun","2013-Jun",201306,3,"Wednesday",2013,2,"FQ2","2013-FQ2",6,"Jun","2013-Jun",201306
2013-06-27 00:00:00.000,20130627,2013,2,"Q2","2013-Q2",6,"Jun","2013-Jun",201306,4,"Thursday",2013,2,"FQ2","2013-FQ2",6,"Jun","2013-Jun",201306
2013-06-28 00:00:00.000,20130628,2013,2,"Q2","2013-Q2",6,"Jun","2013-Jun",201306,5,"Friday",2013,2,"FQ2","2013-FQ2",6,"Jun","2013-Jun",201306
2013-06-29 00:00:00.000,20130629,2013,2,"Q2","2013-Q2",6,"Jun","2013-Jun",201306,6,"Saturday",2013,2,"FQ2","2013-FQ2",6,"Jun","2013-Jun",201306
2013-06-30 00:00:00.000,20130630,2013,2,"Q2","2013-Q2",6,"Jun","2013-Jun",201306,7,"Sunday",2013,2,"FQ2","2013-FQ2",6,"Jun","2013-Jun",201306
2014-06-01 00:00:00.000,20140601,2014,2,"Q2","2014-Q2",6,"Jun","2014-Jun",201406,7,"Sunday",2014,2,"FQ2","2014-FQ2",6,"Jun","2014-Jun",201406
2014-06-02 00:00:00.000,20140602,2014,2,"Q2","2014-Q2",6,"Jun","2014-Jun",201406,1,"Monday",2014,2,"FQ2","2014-FQ2",6,"Jun","2014-Jun",201406
2014-06-03 00:00:00.000,20140603,2014,2,"Q2","2014-Q2",6,"Jun","2014-Jun",201406,2,"Tuesday",2014,2,"FQ2","2014-FQ2",6,"Jun","2014-Jun",201406
2014-06-04 00:00:00.000,20140604,2014,2,"Q2","2014-Q2",6,"Jun","2014-Jun",201406,3,"Wednesday",2014,2,"FQ2","2014-FQ2",6,"Jun","2014-Jun",201406
2014-06-05 00:00:00.000,20140605,2014,2,"Q2","2014-Q2",6,"Jun","2014-Jun",201406,4,"Thursday",2014,2,"FQ2","2014-FQ2",6,"Jun","2014-Jun",201406
2014-06-06 00:00:00.000,20140606,2014,2,"Q2","2014-Q2",6,"Jun","2014-Jun",201406,5,"Friday",2014,2,"FQ2","2014-FQ2",6,"Jun","2014-Jun",201406
2014-06-07 00:00:00.000,20140607,2014,2,"Q2","2014-Q2",6,"Jun","2014-Jun",201406,6,"Saturday",2014,2,"FQ2","2014-FQ2",6,"Jun","2014-Jun",201406
2014-06-08 00:00:00.000,20140608,2014,2,"Q2","2014-Q2",6,"Jun","2014-Jun",201406,7,"Sunday",2014,2,"FQ2","2014-FQ2",6,"Jun","2014-Jun",201406
2014-06-09 00:00:00.000,20140609,2014,2,"Q2","2014-Q2",6,"Jun","2014-Jun",201406,1,"Monday",2014,2,"FQ2","2014-FQ2",6,"Jun","2014-Jun",201406
2014-06-10 00:00:00.000,20140610,2014,2,"Q2","2014-Q2",6,"Jun","2014-Jun",201406,2,"Tuesday",2014,2,"FQ2","2014-FQ2",6,"Jun","2014-Jun",201406
2014-06-11 00:00:00.000,20140611,2014,2,"Q2","2014-Q2",6,"Jun","2014-Jun",201406,3,"Wednesday",2014,2,"FQ2","2014-FQ2",6,"Jun","2014-Jun",201406
2014-06-12 00:00:00.000,20140612,2014,2,"Q2","2014-Q2",6,"Jun","2014-Jun",201406,4,"Thursday",2014,2,"FQ2","2014-FQ2",6,"Jun","2014-Jun",201406
2014-06-13 00:00:00.000,20140613,2014,2,"Q2","2014-Q2",6,"Jun","2014-Jun",201406,5,"Friday",2014,2,"FQ2","2014-FQ2",6,"Jun","2014-Jun",201406
2014-06-14 00:00:00.000,20140614,2014,2,"Q2","2014-Q2",6,"Jun","2014-Jun",201406,6,"Saturday",2014,2,"FQ2","2014-FQ2",6,"Jun","2014-Jun",201406
2014-06-15 00:00:00.000,20140615,2014,2,"Q2","2014-Q2",6,"Jun","2014-Jun",201406,7,"Sunday",2014,2,"FQ2","2014-FQ2",6,"Jun","2014-Jun",201406
2014-06-16 00:00:00.000,20140616,2014,2,"Q2","2014-Q2",6,"Jun","2014-Jun",201406,1,"Monday",2014,2,"FQ2","2014-FQ2",6,"Jun","2014-Jun",201406
2014-06-17 00:00:00.000,20140617,2014,2,"Q2","2014-Q2",6,"Jun","2014-Jun",201406,2,"Tuesday",2014,2,"FQ2","2014-FQ2",6,"Jun","2014-Jun",201406
2014-06-18 00:00:00.000,20140618,2014,2,"Q2","2014-Q2",6,"Jun","2014-Jun",201406,3,"Wednesday",2014,2,"FQ2","2014-FQ2",6,"Jun","2014-Jun",201406
2014-06-19 00:00:00.000,20140619,2014,2,"Q2","2014-Q2",6,"Jun","2014-Jun",201406,4,"Thursday",2014,2,"FQ2","2014-FQ2",6,"Jun","2014-Jun",201406
2014-06-20 00:00:00.000,20140620,2014,2,"Q2","2014-Q2",6,"Jun","2014-Jun",201406,5,"Friday",2014,2,"FQ2","2014-FQ2",6,"Jun","2014-Jun",201406
2014-06-21 00:00:00.000,20140621,2014,2,"Q2","2014-Q2",6,"Jun","2014-Jun",201406,6,"Saturday",2014,2,"FQ2","2014-FQ2",6,"Jun","2014-Jun",201406
2014-06-22 00:00:00.000,20140622,2014,2,"Q2","2014-Q2",6,"Jun","2014-Jun",201406,7,"Sunday",2014,2,"FQ2","2014-FQ2",6,"Jun","2014-Jun",201406
2014-06-23 00:00:00.000,20140623,2014,2,"Q2","2014-Q2",6,"Jun","2014-Jun",201406,1,"Monday",2014,2,"FQ2","2014-FQ2",6,"Jun","2014-Jun",201406
2014-06-24 00:00:00.000,20140624,2014,2,"Q2","2014-Q2",6,"Jun","2014-Jun",201406,2,"Tuesday",2014,2,"FQ2","2014-FQ2",6,"Jun","2014-Jun",201406
2014-06-25 00:00:00.000,20140625,2014,2,"Q2","2014-Q2",6,"Jun","2014-Jun",201406,3,"Wednesday",2014,2,"FQ2","2014-FQ2",6,"Jun","2014-Jun",201406
2014-06-26 00:00:00.000,20140626,2014,2,"Q2","2014-Q2",6,"Jun","2014-Jun",201406,4,"Thursday",2014,2,"FQ2","2014-FQ2",6,"Jun","2014-Jun",201406
2014-06-27 00:00:00.000,20140627,2014,2,"Q2","2014-Q2",6,"Jun","2014-Jun",201406,5,"Friday",2014,2,"FQ2","2014-FQ2",6,"Jun","2014-Jun",201406
2014-06-28 00:00:00.000,20140628,2014,2,"Q2","2014-Q2",6,"Jun","2014-Jun",201406,6,"Saturday",2014,2,"FQ2","2014-FQ2",6,"Jun","2014-Jun",201406
2014-06-29 00:00:00.000,20140629,2014,2,"Q2","2014-Q2",6,"Jun","2014-Jun",201406,7,"Sunday",2014,2,"FQ2","2014-FQ2",6,"Jun","2014-Jun",201406
2014-06-30 00:00:00.000,20140630,2014,2,"Q2","2014-Q2",6,"Jun","2014-Jun",201406,1,"Monday",2014,2,"FQ2","2014-FQ2",6,"Jun","2014-Jun",201406
2015-06-01 00:00:00.000,20150601,2015,2,"Q2","2015-Q2",6,"Jun","2015-Jun",201506,1,"Monday",2015,2,"FQ2","2015-FQ2",6,"Jun","2015-Jun",201506
2015-06-02 00:00:00.000,20150602,2015,2,"Q2","2015-Q2",6,"Jun","2015-Jun",201506,2,"Tuesday",2015,2,"FQ2","2015-FQ2",6,"Jun","2015-Jun",201506
2015-06-03 00:00:00.000,20150603,2015,2,"Q2","2015-Q2",6,"Jun","2015-Jun",201506,3,"Wednesday",2015,2,"FQ2","2015-FQ2",6,"Jun","2015-Jun",201506
2015-06-04 00:00:00.000,20150604,2015,2,"Q2","2015-Q2",6,"Jun","2015-Jun",201506,4,"Thursday",2015,2,"FQ2","2015-FQ2",6,"Jun","2015-Jun",201506
2015-06-05 00:00:00.000,20150605,2015,2,"Q2","2015-Q2",6,"Jun","2015-Jun",201506,5,"Friday",2015,2,"FQ2","2015-FQ2",6,"Jun","2015-Jun",201506
2015-06-06 00:00:00.000,20150606,2015,2,"Q2","2015-Q2",6,"Jun","2015-Jun",201506,6,"Saturday",2015,2,"FQ2","2015-FQ2",6,"Jun","2015-Jun",201506
2015-06-07 00:00:00.000,20150607,2015,2,"Q2","2015-Q2",6,"Jun","2015-Jun",201506,7,"Sunday",2015,2,"FQ2","2015-FQ2",6,"Jun","2015-Jun",201506
2015-06-08 00:00:00.000,20150608,2015,2,"Q2","2015-Q2",6,"Jun","2015-Jun",201506,1,"Monday",2015,2,"FQ2","2015-FQ2",6,"Jun","2015-Jun",201506
2015-06-09 00:00:00.000,20150609,2015,2,"Q2","2015-Q2",6,"Jun","2015-Jun",201506,2,"Tuesday",2015,2,"FQ2","2015-FQ2",6,"Jun","2015-Jun",201506
2015-06-10 00:00:00.000,20150610,2015,2,"Q2","2015-Q2",6,"Jun","2015-Jun",201506,3,"Wednesday",2015,2,"FQ2","2015-FQ2",6,"Jun","2015-Jun",201506
2015-06-11 00:00:00.000,20150611,2015,2,"Q2","2015-Q2",6,"Jun","2015-Jun",201506,4,"Thursday",2015,2,"FQ2","2015-FQ2",6,"Jun","2015-Jun",201506
2015-06-12 00:00:00.000,20150612,2015,2,"Q2","2015-Q2",6,"Jun","2015-Jun",201506,5,"Friday",2015,2,"FQ2","2015-FQ2",6,"Jun","2015-Jun",201506
2015-06-13 00:00:00.000,20150613,2015,2,"Q2","2015-Q2",6,"Jun","2015-Jun",201506,6,"Saturday",2015,2,"FQ2","2015-FQ2",6,"Jun","2015-Jun",201506
2015-06-14 00:00:00.000,20150614,2015,2,"Q2","2015-Q2",6,"Jun","2015-Jun",201506,7,"Sunday",2015,2,"FQ2","2015-FQ2",6,"Jun","2015-Jun",201506
2015-06-15 00:00:00.000,20150615,2015,2,"Q2","2015-Q2",6,"Jun","2015-Jun",201506,1,"Monday",2015,2,"FQ2","2015-FQ2",6,"Jun","2015-Jun",201506
2015-06-16 00:00:00.000,20150616,2015,2,"Q2","2015-Q2",6,"Jun","2015-Jun",201506,2,"Tuesday",2015,2,"FQ2","2015-FQ2",6,"Jun","2015-Jun",201506
2015-06-17 00:00:00.000,20150617,2015,2,"Q2","2015-Q2",6,"Jun","2015-Jun",201506,3,"Wednesday",2015,2,"FQ2","2015-FQ2",6,"Jun","2015-Jun",201506
2015-06-18 00:00:00.000,20150618,2015,2,"Q2","2015-Q2",6,"Jun","2015-Jun",201506,4,"Thursday",2015,2,"FQ2","2015-FQ2",6,"Jun","2015-Jun",201506
2015-06-19 00:00:00.000,20150619,2015,2,"Q2","2015-Q2",6,"Jun","2015-Jun",201506,5,"Friday",2015,2,"FQ2","2015-FQ2",6,"Jun","2015-Jun",201506
2015-06-20 00:00:00.000,20150620,2015,2,"Q2","2015-Q2",6,"Jun","2015-Jun",201506,6,"Saturday",2015,2,"FQ2","2015-FQ2",6,"Jun","2015-Jun",201506
2015-06-21 00:00:00.000,20150621,2015,2,"Q2","2015-Q2",6,"Jun","2015-Jun",201506,7,"Sunday",2015,2,"FQ2","2015-FQ2",6,"Jun","2015-Jun",201506
2015-06-22 00:00:00.000,20150622,2015,2,"Q2","2015-Q2",6,"Jun","2015-Jun",201506,1,"Monday",2015,2,"FQ2","2015-FQ2",6,"Jun","2015-Jun",201506
2015-06-23 00:00:00.000,20150623,2015,2,"Q2","2015-Q2",6,"Jun","2015-Jun",201506,2,"Tuesday",2015,2,"FQ2","2015-FQ2",6,"Jun","2015-Jun",201506
2015-06-24 00:00:00.000,20150624,2015,2,"Q2","2015-Q2",6,"Jun","2015-Jun",201506,3,"Wednesday",2015,2,"FQ2","2015-FQ2",6,"Jun","2015-Jun",201506
2015-06-25 00:00:00.000,20150625,2015,2,"Q2","2015-Q2",6,"Jun","2015-Jun",201506,4,"Thursday",2015,2,"FQ2","2015-FQ2",6,"Jun","2015-Jun",201506
2015-06-26 00:00:00.000,20150626,2015,2,"Q2","2015-Q2",6,"Jun","2015-Jun",201506,5,"Friday",2015,2,"FQ2","2015-FQ2",6,"Jun","2015-Jun",201506
2015-06-27 00:00:00.000,20150627,2015,2,"Q2","2015-Q2",6,"Jun","2015-Jun",201506,6,"Saturday",2015,2,"FQ2","2015-FQ2",6,"Jun","2015-Jun",201506
2015-06-28 00:00:00.000,20150628,2015,2,"Q2","2015-Q2",6,"Jun","2015-Jun",201506,7,"Sunday",2015,2,"FQ2","2015-FQ2",6,"Jun","2015-Jun",201506
2015-06-29 00:00:00.000,20150629,2015,2,"Q2","2015-Q2",6,"Jun","2015-Jun",201506,1,"Monday",2015,2,"FQ2","2015-FQ2",6,"Jun","2015-Jun",201506
2015-06-30 00:00:00.000,20150630,2015,2,"Q2","2015-Q2",6,"Jun","2015-Jun",201506,2,"Tuesday",2015,2,"FQ2","2015-FQ2",6,"Jun","2015-Jun",201506
2012-02-01 00:00:00.000,20120201,2012,1,"Q1","2012-Q1",2,"Feb","2012-Feb",201202,3,"Wednesday",2012,1,"FQ1","2012-FQ1",2,"Feb","2012-Feb",201202
2012-02-02 00:00:00.000,20120202,2012,1,"Q1","2012-Q1",2,"Feb","2012-Feb",201202,4,"Thursday",2012,1,"FQ1","2012-FQ1",2,"Feb","2012-Feb",201202
2012-02-03 00:00:00.000,20120203,2012,1,"Q1","2012-Q1",2,"Feb","2012-Feb",201202,5,"Friday",2012,1,"FQ1","2012-FQ1",2,"Feb","2012-Feb",201202
2012-02-04 00:00:00.000,20120204,2012,1,"Q1","2012-Q1",2,"Feb","2012-Feb",201202,6,"Saturday",2012,1,"FQ1","2012-FQ1",2,"Feb","2012-Feb",201202
2012-02-05 00:00:00.000,20120205,2012,1,"Q1","2012-Q1",2,"Feb","2012-Feb",201202,7,"Sunday",2012,1,"FQ1","2012-FQ1",2,"Feb","2012-Feb",201202
2012-02-06 00:00:00.000,20120206,2012,1,"Q1","2012-Q1",2,"Feb","2012-Feb",201202,1,"Monday",2012,1,"FQ1","2012-FQ1",2,"Feb","2012-Feb",201202
2012-02-07 00:00:00.000,20120207,2012,1,"Q1","2012-Q1",2,"Feb","2012-Feb",201202,2,"Tuesday",2012,1,"FQ1","2012-FQ1",2,"Feb","2012-Feb",201202
2012-02-08 00:00:00.000,20120208,2012,1,"Q1","2012-Q1",2,"Feb","2012-Feb",201202,3,"Wednesday",2012,1,"FQ1","2012-FQ1",2,"Feb","2012-Feb",201202
2012-02-09 00:00:00.000,20120209,2012,1,"Q1","2012-Q1",2,"Feb","2012-Feb",201202,4,"Thursday",2012,1,"FQ1","2012-FQ1",2,"Feb","2012-Feb",201202
2012-02-10 00:00:00.000,20120210,2012,1,"Q1","2012-Q1",2,"Feb","2012-Feb",201202,5,"Friday",2012,1,"FQ1","2012-FQ1",2,"Feb","2012-Feb",201202
2012-02-11 00:00:00.000,20120211,2012,1,"Q1","2012-Q1",2,"Feb","2012-Feb",201202,6,"Saturday",2012,1,"FQ1","2012-FQ1",2,"Feb","2012-Feb",201202
2012-02-12 00:00:00.000,20120212,2012,1,"Q1","2012-Q1",2,"Feb","2012-Feb",201202,7,"Sunday",2012,1,"FQ1","2012-FQ1",2,"Feb","2012-Feb",201202
2012-02-13 00:00:00.000,20120213,2012,1,"Q1","2012-Q1",2,"Feb","2012-Feb",201202,1,"Monday",2012,1,"FQ1","2012-FQ1",2,"Feb","2012-Feb",201202
2012-02-14 00:00:00.000,20120214,2012,1,"Q1","2012-Q1",2,"Feb","2012-Feb",201202,2,"Tuesday",2012,1,"FQ1","2012-FQ1",2,"Feb","2012-Feb",201202
2012-02-15 00:00:00.000,20120215,2012,1,"Q1","2012-Q1",2,"Feb","2012-Feb",201202,3,"Wednesday",2012,1,"FQ1","2012-FQ1",2,"Feb","2012-Feb",201202
2012-02-16 00:00:00.000,20120216,2012,1,"Q1","2012-Q1",2,"Feb","2012-Feb",201202,4,"Thursday",2012,1,"FQ1","2012-FQ1",2,"Feb","2012-Feb",201202
2012-02-17 00:00:00.000,20120217,2012,1,"Q1","2012-Q1",2,"Feb","2012-Feb",201202,5,"Friday",2012,1,"FQ1","2012-FQ1",2,"Feb","2012-Feb",201202
2012-02-18 00:00:00.000,20120218,2012,1,"Q1","2012-Q1",2,"Feb","2012-Feb",201202,6,"Saturday",2012,1,"FQ1","2012-FQ1",2,"Feb","2012-Feb",201202
2012-02-19 00:00:00.000,20120219,2012,1,"Q1","2012-Q1",2,"Feb","2012-Feb",201202,7,"Sunday",2012,1,"FQ1","2012-FQ1",2,"Feb","2012-Feb",201202
2012-02-20 00:00:00.000,20120220,2012,1,"Q1","2012-Q1",2,"Feb","2012-Feb",201202,1,"Monday",2012,1,"FQ1","2012-FQ1",2,"Feb","2012-Feb",201202
2012-02-21 00:00:00.000,20120221,2012,1,"Q1","2012-Q1",2,"Feb","2012-Feb",201202,2,"Tuesday",2012,1,"FQ1","2012-FQ1",2,"Feb","2012-Feb",201202
2012-02-22 00:00:00.000,20120222,2012,1,"Q1","2012-Q1",2,"Feb","2012-Feb",201202,3,"Wednesday",2012,1,"FQ1","2012-FQ1",2,"Feb","2012-Feb",201202
2012-02-23 00:00:00.000,20120223,2012,1,"Q1","2012-Q1",2,"Feb","2012-Feb",201202,4,"Thursday",2012,1,"FQ1","2012-FQ1",2,"Feb","2012-Feb",201202
2012-02-24 00:00:00.000,20120224,2012,1,"Q1","2012-Q1",2,"Feb","2012-Feb",201202,5,"Friday",2012,1,"FQ1","2012-FQ1",2,"Feb","2012-Feb",201202
2012-02-25 00:00:00.000,20120225,2012,1,"Q1","2012-Q1",2,"Feb","2012-Feb",201202,6,"Saturday",2012,1,"FQ1","2012-FQ1",2,"Feb","2012-Feb",201202
2012-02-26 00:00:00.000,20120226,2012,1,"Q1","2012-Q1",2,"Feb","2012-Feb",201202,7,"Sunday",2012,1,"FQ1","2012-FQ1",2,"Feb","2012-Feb",201202
2012-02-27 00:00:00.000,20120227,2012,1,"Q1","2012-Q1",2,"Feb","2012-Feb",201202,1,"Monday",2012,1,"FQ1","2012-FQ1",2,"Feb","2012-Feb",201202
2012-02-28 00:00:00.000,20120228,2012,1,"Q1","2012-Q1",2,"Feb","2012-Feb",201202,2,"Tuesday",2012,1,"FQ1","2012-FQ1",2,"Feb","2012-Feb",201202
2012-02-29 00:00:00.000,20120229,2012,1,"Q1","2012-Q1",2,"Feb","2012-Feb",201202,3,"Wednesday",2012,1,"FQ1","2012-FQ1",2,"Feb","2012-Feb",201202
2013-02-01 00:00:00.000,20130201,2013,1,"Q1","2013-Q1",2,"Feb","2013-Feb",201302,5,"Friday",2013,1,"FQ1","2013-FQ1",2,"Feb","2013-Feb",201302
2013-02-02 00:00:00.000,20130202,2013,1,"Q1","2013-Q1",2,"Feb","2013-Feb",201302,6,"Saturday",2013,1,"FQ1","2013-FQ1",2,"Feb","2013-Feb",201302
2013-02-03 00:00:00.000,20130203,2013,1,"Q1","2013-Q1",2,"Feb","2013-Feb",201302,7,"Sunday",2013,1,"FQ1","2013-FQ1",2,"Feb","2013-Feb",201302
2013-02-04 00:00:00.000,20130204,2013,1,"Q1","2013-Q1",2,"Feb","2013-Feb",201302,1,"Monday",2013,1,"FQ1","2013-FQ1",2,"Feb","2013-Feb",201302
2013-02-05 00:00:00.000,20130205,2013,1,"Q1","2013-Q1",2,"Feb","2013-Feb",201302,2,"Tuesday",2013,1,"FQ1","2013-FQ1",2,"Feb","2013-Feb",201302
2013-02-06 00:00:00.000,20130206,2013,1,"Q1","2013-Q1",2,"Feb","2013-Feb",201302,3,"Wednesday",2013,1,"FQ1","2013-FQ1",2,"Feb","2013-Feb",201302
2013-02-07 00:00:00.000,20130207,2013,1,"Q1","2013-Q1",2,"Feb","2013-Feb",201302,4,"Thursday",2013,1,"FQ1","2013-FQ1",2,"Feb","2013-Feb",201302
2013-02-08 00:00:00.000,20130208,2013,1,"Q1","2013-Q1",2,"Feb","2013-Feb",201302,5,"Friday",2013,1,"FQ1","2013-FQ1",2,"Feb","2013-Feb",201302
2013-02-09 00:00:00.000,20130209,2013,1,"Q1","2013-Q1",2,"Feb","2013-Feb",201302,6,"Saturday",2013,1,"FQ1","2013-FQ1",2,"Feb","2013-Feb",201302
2013-02-10 00:00:00.000,20130210,2013,1,"Q1","2013-Q1",2,"Feb","2013-Feb",201302,7,"Sunday",2013,1,"FQ1","2013-FQ1",2,"Feb","2013-Feb",201302
2013-02-11 00:00:00.000,20130211,2013,1,"Q1","2013-Q1",2,"Feb","2013-Feb",201302,1,"Monday",2013,1,"FQ1","2013-FQ1",2,"Feb","2013-Feb",201302
2013-02-12 00:00:00.000,20130212,2013,1,"Q1","2013-Q1",2,"Feb","2013-Feb",201302,2,"Tuesday",2013,1,"FQ1","2013-FQ1",2,"Feb","2013-Feb",201302
2013-02-13 00:00:00.000,20130213,2013,1,"Q1","2013-Q1",2,"Feb","2013-Feb",201302,3,"Wednesday",2013,1,"FQ1","2013-FQ1",2,"Feb","2013-Feb",201302
2013-02-14 00:00:00.000,20130214,2013,1,"Q1","2013-Q1",2,"Feb","2013-Feb",201302,4,"Thursday",2013,1,"FQ1","2013-FQ1",2,"Feb","2013-Feb",201302
2013-02-15 00:00:00.000,20130215,2013,1,"Q1","2013-Q1",2,"Feb","2013-Feb",201302,5,"Friday",2013,1,"FQ1","2013-FQ1",2,"Feb","2013-Feb",201302
2013-02-16 00:00:00.000,20130216,2013,1,"Q1","2013-Q1",2,"Feb","2013-Feb",201302,6,"Saturday",2013,1,"FQ1","2013-FQ1",2,"Feb","2013-Feb",201302
2013-02-17 00:00:00.000,20130217,2013,1,"Q1","2013-Q1",2,"Feb","2013-Feb",201302,7,"Sunday",2013,1,"FQ1","2013-FQ1",2,"Feb","2013-Feb",201302
2013-02-18 00:00:00.000,20130218,2013,1,"Q1","2013-Q1",2,"Feb","2013-Feb",201302,1,"Monday",2013,1,"FQ1","2013-FQ1",2,"Feb","2013-Feb",201302
2013-02-19 00:00:00.000,20130219,2013,1,"Q1","2013-Q1",2,"Feb","2013-Feb",201302,2,"Tuesday",2013,1,"FQ1","2013-FQ1",2,"Feb","2013-Feb",201302
2013-02-20 00:00:00.000,20130220,2013,1,"Q1","2013-Q1",2,"Feb","2013-Feb",201302,3,"Wednesday",2013,1,"FQ1","2013-FQ1",2,"Feb","2013-Feb",201302
2013-02-21 00:00:00.000,20130221,2013,1,"Q1","2013-Q1",2,"Feb","2013-Feb",201302,4,"Thursday",2013,1,"FQ1","2013-FQ1",2,"Feb","2013-Feb",201302
2013-02-22 00:00:00.000,20130222,2013,1,"Q1","2013-Q1",2,"Feb","2013-Feb",201302,5,"Friday",2013,1,"FQ1","2013-FQ1",2,"Feb","2013-Feb",201302
2013-02-23 00:00:00.000,20130223,2013,1,"Q1","2013-Q1",2,"Feb","2013-Feb",201302,6,"Saturday",2013,1,"FQ1","2013-FQ1",2,"Feb","2013-Feb",201302
2013-02-24 00:00:00.000,20130224,2013,1,"Q1","2013-Q1",2,"Feb","2013-Feb",201302,7,"Sunday",2013,1,"FQ1","2013-FQ1",2,"Feb","2013-Feb",201302
2013-02-25 00:00:00.000,20130225,2013,1,"Q1","2013-Q1",2,"Feb","2013-Feb",201302,1,"Monday",2013,1,"FQ1","2013-FQ1",2,"Feb","2013-Feb",201302
2013-02-26 00:00:00.000,20130226,2013,1,"Q1","2013-Q1",2,"Feb","2013-Feb",201302,2,"Tuesday",2013,1,"FQ1","2013-FQ1",2,"Feb","2013-Feb",201302
2013-02-27 00:00:00.000,20130227,2013,1,"Q1","2013-Q1",2,"Feb","2013-Feb",201302,3,"Wednesday",2013,1,"FQ1","2013-FQ1",2,"Feb","2013-Feb",201302
2013-02-28 00:00:00.000,20130228,2013,1,"Q1","2013-Q1",2,"Feb","2013-Feb",201302,4,"Thursday",2013,1,"FQ1","2013-FQ1",2,"Feb","2013-Feb",201302
2014-02-01 00:00:00.000,20140201,2014,1,"Q1","2014-Q1",2,"Feb","2014-Feb",201402,6,"Saturday",2014,1,"FQ1","2014-FQ1",2,"Feb","2014-Feb",201402
2014-02-02 00:00:00.000,20140202,2014,1,"Q1","2014-Q1",2,"Feb","2014-Feb",201402,7,"Sunday",2014,1,"FQ1","2014-FQ1",2,"Feb","2014-Feb",201402
2014-02-03 00:00:00.000,20140203,2014,1,"Q1","2014-Q1",2,"Feb","2014-Feb",201402,1,"Monday",2014,1,"FQ1","2014-FQ1",2,"Feb","2014-Feb",201402
2014-02-04 00:00:00.000,20140204,2014,1,"Q1","2014-Q1",2,"Feb","2014-Feb",201402,2,"Tuesday",2014,1,"FQ1","2014-FQ1",2,"Feb","2014-Feb",201402
2014-02-05 00:00:00.000,20140205,2014,1,"Q1","2014-Q1",2,"Feb","2014-Feb",201402,3,"Wednesday",2014,1,"FQ1","2014-FQ1",2,"Feb","2014-Feb",201402
2014-02-06 00:00:00.000,20140206,2014,1,"Q1","2014-Q1",2,"Feb","2014-Feb",201402,4,"Thursday",2014,1,"FQ1","2014-FQ1",2,"Feb","2014-Feb",201402
2014-02-07 00:00:00.000,20140207,2014,1,"Q1","2014-Q1",2,"Feb","2014-Feb",201402,5,"Friday",2014,1,"FQ1","2014-FQ1",2,"Feb","2014-Feb",201402
2014-02-08 00:00:00.000,20140208,2014,1,"Q1","2014-Q1",2,"Feb","2014-Feb",201402,6,"Saturday",2014,1,"FQ1","2014-FQ1",2,"Feb","2014-Feb",201402
2014-02-09 00:00:00.000,20140209,2014,1,"Q1","2014-Q1",2,"Feb","2014-Feb",201402,7,"Sunday",2014,1,"FQ1","2014-FQ1",2,"Feb","2014-Feb",201402
2014-02-10 00:00:00.000,20140210,2014,1,"Q1","2014-Q1",2,"Feb","2014-Feb",201402,1,"Monday",2014,1,"FQ1","2014-FQ1",2,"Feb","2014-Feb",201402
2014-02-11 00:00:00.000,20140211,2014,1,"Q1","2014-Q1",2,"Feb","2014-Feb",201402,2,"Tuesday",2014,1,"FQ1","2014-FQ1",2,"Feb","2014-Feb",201402
2014-02-12 00:00:00.000,20140212,2014,1,"Q1","2014-Q1",2,"Feb","2014-Feb",201402,3,"Wednesday",2014,1,"FQ1","2014-FQ1",2,"Feb","2014-Feb",201402
2014-02-13 00:00:00.000,20140213,2014,1,"Q1","2014-Q1",2,"Feb","2014-Feb",201402,4,"Thursday",2014,1,"FQ1","2014-FQ1",2,"Feb","2014-Feb",201402
2014-02-14 00:00:00.000,20140214,2014,1,"Q1","2014-Q1",2,"Feb","2014-Feb",201402,5,"Friday",2014,1,"FQ1","2014-FQ1",2,"Feb","2014-Feb",201402
2014-02-15 00:00:00.000,20140215,2014,1,"Q1","2014-Q1",2,"Feb","2014-Feb",201402,6,"Saturday",2014,1,"FQ1","2014-FQ1",2,"Feb","2014-Feb",201402
2014-02-16 00:00:00.000,20140216,2014,1,"Q1","2014-Q1",2,"Feb","2014-Feb",201402,7,"Sunday",2014,1,"FQ1","2014-FQ1",2,"Feb","2014-Feb",201402
2014-02-17 00:00:00.000,20140217,2014,1,"Q1","2014-Q1",2,"Feb","2014-Feb",201402,1,"Monday",2014,1,"FQ1","2014-FQ1",2,"Feb","2014-Feb",201402
2014-02-18 00:00:00.000,20140218,2014,1,"Q1","2014-Q1",2,"Feb","2014-Feb",201402,2,"Tuesday",2014,1,"FQ1","2014-FQ1",2,"Feb","2014-Feb",201402
2014-02-19 00:00:00.000,20140219,2014,1,"Q1","2014-Q1",2,"Feb","2014-Feb",201402,3,"Wednesday",2014,1,"FQ1","2014-FQ1",2,"Feb","2014-Feb",201402
2014-02-20 00:00:00.000,20140220,2014,1,"Q1","2014-Q1",2,"Feb","2014-Feb",201402,4,"Thursday",2014,1,"FQ1","2014-FQ1",2,"Feb","2014-Feb",201402
2014-02-21 00:00:00.000,20140221,2014,1,"Q1","2014-Q1",2,"Feb","2014-Feb",201402,5,"Friday",2014,1,"FQ1","2014-FQ1",2,"Feb","2014-Feb",201402
2014-02-22 00:00:00.000,20140222,2014,1,"Q1","2014-Q1",2,"Feb","2014-Feb",201402,6,"Saturday",2014,1,"FQ1","2014-FQ1",2,"Feb","2014-Feb",201402
2014-02-23 00:00:00.000,20140223,2014,1,"Q1","2014-Q1",2,"Feb","2014-Feb",201402,7,"Sunday",2014,1,"FQ1","2014-FQ1",2,"Feb","2014-Feb",201402
2014-02-24 00:00:00.000,20140224,2014,1,"Q1","2014-Q1",2,"Feb","2014-Feb",201402,1,"Monday",2014,1,"FQ1","2014-FQ1",2,"Feb","2014-Feb",201402
2014-02-25 00:00:00.000,20140225,2014,1,"Q1","2014-Q1",2,"Feb","2014-Feb",201402,2,"Tuesday",2014,1,"FQ1","2014-FQ1",2,"Feb","2014-Feb",201402
2014-02-26 00:00:00.000,20140226,2014,1,"Q1","2014-Q1",2,"Feb","2014-Feb",201402,3,"Wednesday",2014,1,"FQ1","2014-FQ1",2,"Feb","2014-Feb",201402
2014-02-27 00:00:00.000,20140227,2014,1,"Q1","2014-Q1",2,"Feb","2014-Feb",201402,4,"Thursday",2014,1,"FQ1","2014-FQ1",2,"Feb","2014-Feb",201402
2014-02-28 00:00:00.000,20140228,2014,1,"Q1","2014-Q1",2,"Feb","2014-Feb",201402,5,"Friday",2014,1,"FQ1","2014-FQ1",2,"Feb","2014-Feb",201402
2015-02-01 00:00:00.000,20150201,2015,1,"Q1","2015-Q1",2,"Feb","2015-Feb",201502,7,"Sunday",2015,1,"FQ1","2015-FQ1",2,"Feb","2015-Feb",201502
2015-02-02 00:00:00.000,20150202,2015,1,"Q1","2015-Q1",2,"Feb","2015-Feb",201502,1,"Monday",2015,1,"FQ1","2015-FQ1",2,"Feb","2015-Feb",201502
2015-02-03 00:00:00.000,20150203,2015,1,"Q1","2015-Q1",2,"Feb","2015-Feb",201502,2,"Tuesday",2015,1,"FQ1","2015-FQ1",2,"Feb","2015-Feb",201502
2015-02-04 00:00:00.000,20150204,2015,1,"Q1","2015-Q1",2,"Feb","2015-Feb",201502,3,"Wednesday",2015,1,"FQ1","2015-FQ1",2,"Feb","2015-Feb",201502
2015-02-05 00:00:00.000,20150205,2015,1,"Q1","2015-Q1",2,"Feb","2015-Feb",201502,4,"Thursday",2015,1,"FQ1","2015-FQ1",2,"Feb","2015-Feb",201502
2015-02-06 00:00:00.000,20150206,2015,1,"Q1","2015-Q1",2,"Feb","2015-Feb",201502,5,"Friday",2015,1,"FQ1","2015-FQ1",2,"Feb","2015-Feb",201502
2015-02-07 00:00:00.000,20150207,2015,1,"Q1","2015-Q1",2,"Feb","2015-Feb",201502,6,"Saturday",2015,1,"FQ1","2015-FQ1",2,"Feb","2015-Feb",201502
2015-02-08 00:00:00.000,20150208,2015,1,"Q1","2015-Q1",2,"Feb","2015-Feb",201502,7,"Sunday",2015,1,"FQ1","2015-FQ1",2,"Feb","2015-Feb",201502
2015-02-09 00:00:00.000,20150209,2015,1,"Q1","2015-Q1",2,"Feb","2015-Feb",201502,1,"Monday",2015,1,"FQ1","2015-FQ1",2,"Feb","2015-Feb",201502
2015-02-10 00:00:00.000,20150210,2015,1,"Q1","2015-Q1",2,"Feb","2015-Feb",201502,2,"Tuesday",2015,1,"FQ1","2015-FQ1",2,"Feb","2015-Feb",201502
2015-02-11 00:00:00.000,20150211,2015,1,"Q1","2015-Q1",2,"Feb","2015-Feb",201502,3,"Wednesday",2015,1,"FQ1","2015-FQ1",2,"Feb","2015-Feb",201502
2015-02-12 00:00:00.000,20150212,2015,1,"Q1","2015-Q1",2,"Feb","2015-Feb",201502,4,"Thursday",2015,1,"FQ1","2015-FQ1",2,"Feb","2015-Feb",201502
2015-02-13 00:00:00.000,20150213,2015,1,"Q1","2015-Q1",2,"Feb","2015-Feb",201502,5,"Friday",2015,1,"FQ1","2015-FQ1",2,"Feb","2015-Feb",201502
2015-02-14 00:00:00.000,20150214,2015,1,"Q1","2015-Q1",2,"Feb","2015-Feb",201502,6,"Saturday",2015,1,"FQ1","2015-FQ1",2,"Feb","2015-Feb",201502
2015-02-15 00:00:00.000,20150215,2015,1,"Q1","2015-Q1",2,"Feb","2015-Feb",201502,7,"Sunday",2015,1,"FQ1","2015-FQ1",2,"Feb","2015-Feb",201502
2015-02-16 00:00:00.000,20150216,2015,1,"Q1","2015-Q1",2,"Feb","2015-Feb",201502,1,"Monday",2015,1,"FQ1","2015-FQ1",2,"Feb","2015-Feb",201502
2015-02-17 00:00:00.000,20150217,2015,1,"Q1","2015-Q1",2,"Feb","2015-Feb",201502,2,"Tuesday",2015,1,"FQ1","2015-FQ1",2,"Feb","2015-Feb",201502
2015-02-18 00:00:00.000,20150218,2015,1,"Q1","2015-Q1",2,"Feb","2015-Feb",201502,3,"Wednesday",2015,1,"FQ1","2015-FQ1",2,"Feb","2015-Feb",201502
2015-02-19 00:00:00.000,20150219,2015,1,"Q1","2015-Q1",2,"Feb","2015-Feb",201502,4,"Thursday",2015,1,"FQ1","2015-FQ1",2,"Feb","2015-Feb",201502
2015-02-20 00:00:00.000,20150220,2015,1,"Q1","2015-Q1",2,"Feb","2015-Feb",201502,5,"Friday",2015,1,"FQ1","2015-FQ1",2,"Feb","2015-Feb",201502
2015-02-21 00:00:00.000,20150221,2015,1,"Q1","2015-Q1",2,"Feb","2015-Feb",201502,6,"Saturday",2015,1,"FQ1","2015-FQ1",2,"Feb","2015-Feb",201502
2015-02-22 00:00:00.000,20150222,2015,1,"Q1","2015-Q1",2,"Feb","2015-Feb",201502,7,"Sunday",2015,1,"FQ1","2015-FQ1",2,"Feb","2015-Feb",201502
2015-02-23 00:00:00.000,20150223,2015,1,"Q1","2015-Q1",2,"Feb","2015-Feb",201502,1,"Monday",2015,1,"FQ1","2015-FQ1",2,"Feb","2015-Feb",201502
2015-02-24 00:00:00.000,20150224,2015,1,"Q1","2015-Q1",2,"Feb","2015-Feb",201502,2,"Tuesday",2015,1,"FQ1","2015-FQ1",2,"Feb","2015-Feb",201502
2015-02-25 00:00:00.000,20150225,2015,1,"Q1","2015-Q1",2,"Feb","2015-Feb",201502,3,"Wednesday",2015,1,"FQ1","2015-FQ1",2,"Feb","2015-Feb",201502
2015-02-26 00:00:00.000,20150226,2015,1,"Q1","2015-Q1",2,"Feb","2015-Feb",201502,4,"Thursday",2015,1,"FQ1","2015-FQ1",2,"Feb","2015-Feb",201502
2015-02-27 00:00:00.000,20150227,2015,1,"Q1","2015-Q1",2,"Feb","2015-Feb",201502,5,"Friday",2015,1,"FQ1","2015-FQ1",2,"Feb","2015-Feb",201502
2015-02-28 00:00:00.000,20150228,2015,1,"Q1","2015-Q1",2,"Feb","2015-Feb",201502,6,"Saturday",2015,1,"FQ1","2015-FQ1",2,"Feb","2015-Feb",201502
2012-03-01 00:00:00.000,20120301,2012,1,"Q1","2012-Q1",3,"Mar","2012-Mar",201203,4,"Thursday",2012,1,"FQ1","2012-FQ1",3,"Mar","2012-Mar",201203
2012-03-02 00:00:00.000,20120302,2012,1,"Q1","2012-Q1",3,"Mar","2012-Mar",201203,5,"Friday",2012,1,"FQ1","2012-FQ1",3,"Mar","2012-Mar",201203
2012-03-03 00:00:00.000,20120303,2012,1,"Q1","2012-Q1",3,"Mar","2012-Mar",201203,6,"Saturday",2012,1,"FQ1","2012-FQ1",3,"Mar","2012-Mar",201203
2012-03-04 00:00:00.000,20120304,2012,1,"Q1","2012-Q1",3,"Mar","2012-Mar",201203,7,"Sunday",2012,1,"FQ1","2012-FQ1",3,"Mar","2012-Mar",201203
2012-03-05 00:00:00.000,20120305,2012,1,"Q1","2012-Q1",3,"Mar","2012-Mar",201203,1,"Monday",2012,1,"FQ1","2012-FQ1",3,"Mar","2012-Mar",201203
2012-03-06 00:00:00.000,20120306,2012,1,"Q1","2012-Q1",3,"Mar","2012-Mar",201203,2,"Tuesday",2012,1,"FQ1","2012-FQ1",3,"Mar","2012-Mar",201203
2012-03-07 00:00:00.000,20120307,2012,1,"Q1","2012-Q1",3,"Mar","2012-Mar",201203,3,"Wednesday",2012,1,"FQ1","2012-FQ1",3,"Mar","2012-Mar",201203
2012-03-08 00:00:00.000,20120308,2012,1,"Q1","2012-Q1",3,"Mar","2012-Mar",201203,4,"Thursday",2012,1,"FQ1","2012-FQ1",3,"Mar","2012-Mar",201203
2012-03-09 00:00:00.000,20120309,2012,1,"Q1","2012-Q1",3,"Mar","2012-Mar",201203,5,"Friday",2012,1,"FQ1","2012-FQ1",3,"Mar","2012-Mar",201203
2012-03-10 00:00:00.000,20120310,2012,1,"Q1","2012-Q1",3,"Mar","2012-Mar",201203,6,"Saturday",2012,1,"FQ1","2012-FQ1",3,"Mar","2012-Mar",201203
2012-03-11 00:00:00.000,20120311,2012,1,"Q1","2012-Q1",3,"Mar","2012-Mar",201203,7,"Sunday",2012,1,"FQ1","2012-FQ1",3,"Mar","2012-Mar",201203
2012-03-12 00:00:00.000,20120312,2012,1,"Q1","2012-Q1",3,"Mar","2012-Mar",201203,1,"Monday",2012,1,"FQ1","2012-FQ1",3,"Mar","2012-Mar",201203
2012-03-13 00:00:00.000,20120313,2012,1,"Q1","2012-Q1",3,"Mar","2012-Mar",201203,2,"Tuesday",2012,1,"FQ1","2012-FQ1",3,"Mar","2012-Mar",201203
2012-03-14 00:00:00.000,20120314,2012,1,"Q1","2012-Q1",3,"Mar","2012-Mar",201203,3,"Wednesday",2012,1,"FQ1","2012-FQ1",3,"Mar","2012-Mar",201203
2012-03-15 00:00:00.000,20120315,2012,1,"Q1","2012-Q1",3,"Mar","2012-Mar",201203,4,"Thursday",2012,1,"FQ1","2012-FQ1",3,"Mar","2012-Mar",201203
2012-03-16 00:00:00.000,20120316,2012,1,"Q1","2012-Q1",3,"Mar","2012-Mar",201203,5,"Friday",2012,1,"FQ1","2012-FQ1",3,"Mar","2012-Mar",201203
2012-03-17 00:00:00.000,20120317,2012,1,"Q1","2012-Q1",3,"Mar","2012-Mar",201203,6,"Saturday",2012,1,"FQ1","2012-FQ1",3,"Mar","2012-Mar",201203
2012-03-18 00:00:00.000,20120318,2012,1,"Q1","2012-Q1",3,"Mar","2012-Mar",201203,7,"Sunday",2012,1,"FQ1","2012-FQ1",3,"Mar","2012-Mar",201203
2012-03-19 00:00:00.000,20120319,2012,1,"Q1","2012-Q1",3,"Mar","2012-Mar",201203,1,"Monday",2012,1,"FQ1","2012-FQ1",3,"Mar","2012-Mar",201203
2012-03-20 00:00:00.000,20120320,2012,1,"Q1","2012-Q1",3,"Mar","2012-Mar",201203,2,"Tuesday",2012,1,"FQ1","2012-FQ1",3,"Mar","2012-Mar",201203
2012-03-21 00:00:00.000,20120321,2012,1,"Q1","2012-Q1",3,"Mar","2012-Mar",201203,3,"Wednesday",2012,1,"FQ1","2012-FQ1",3,"Mar","2012-Mar",201203
2012-03-22 00:00:00.000,20120322,2012,1,"Q1","2012-Q1",3,"Mar","2012-Mar",201203,4,"Thursday",2012,1,"FQ1","2012-FQ1",3,"Mar","2012-Mar",201203
2012-03-23 00:00:00.000,20120323,2012,1,"Q1","2012-Q1",3,"Mar","2012-Mar",201203,5,"Friday",2012,1,"FQ1","2012-FQ1",3,"Mar","2012-Mar",201203
2012-03-24 00:00:00.000,20120324,2012,1,"Q1","2012-Q1",3,"Mar","2012-Mar",201203,6,"Saturday",2012,1,"FQ1","2012-FQ1",3,"Mar","2012-Mar",201203
2012-03-25 00:00:00.000,20120325,2012,1,"Q1","2012-Q1",3,"Mar","2012-Mar",201203,7,"Sunday",2012,1,"FQ1","2012-FQ1",3,"Mar","2012-Mar",201203
2012-03-26 00:00:00.000,20120326,2012,1,"Q1","2012-Q1",3,"Mar","2012-Mar",201203,1,"Monday",2012,1,"FQ1","2012-FQ1",3,"Mar","2012-Mar",201203
2012-03-27 00:00:00.000,20120327,2012,1,"Q1","2012-Q1",3,"Mar","2012-Mar",201203,2,"Tuesday",2012,1,"FQ1","2012-FQ1",3,"Mar","2012-Mar",201203
2012-03-28 00:00:00.000,20120328,2012,1,"Q1","2012-Q1",3,"Mar","2012-Mar",201203,3,"Wednesday",2012,1,"FQ1","2012-FQ1",3,"Mar","2012-Mar",201203
2012-03-29 00:00:00.000,20120329,2012,1,"Q1","2012-Q1",3,"Mar","2012-Mar",201203,4,"Thursday",2012,1,"FQ1","2012-FQ1",3,"Mar","2012-Mar",201203
2012-03-30 00:00:00.000,20120330,2012,1,"Q1","2012-Q1",3,"Mar","2012-Mar",201203,5,"Friday",2012,1,"FQ1","2012-FQ1",3,"Mar","2012-Mar",201203
2012-03-31 00:00:00.000,20120331,2012,1,"Q1","2012-Q1",3,"Mar","2012-Mar",201203,6,"Saturday",2012,1,"FQ1","2012-FQ1",3,"Mar","2012-Mar",201203
2013-03-01 00:00:00.000,20130301,2013,1,"Q1","2013-Q1",3,"Mar","2013-Mar",201303,5,"Friday",2013,1,"FQ1","2013-FQ1",3,"Mar","2013-Mar",201303
2013-03-02 00:00:00.000,20130302,2013,1,"Q1","2013-Q1",3,"Mar","2013-Mar",201303,6,"Saturday",2013,1,"FQ1","2013-FQ1",3,"Mar","2013-Mar",201303
2013-03-03 00:00:00.000,20130303,2013,1,"Q1","2013-Q1",3,"Mar","2013-Mar",201303,7,"Sunday",2013,1,"FQ1","2013-FQ1",3,"Mar","2013-Mar",201303
2013-03-04 00:00:00.000,20130304,2013,1,"Q1","2013-Q1",3,"Mar","2013-Mar",201303,1,"Monday",2013,1,"FQ1","2013-FQ1",3,"Mar","2013-Mar",201303
2013-03-05 00:00:00.000,20130305,2013,1,"Q1","2013-Q1",3,"Mar","2013-Mar",201303,2,"Tuesday",2013,1,"FQ1","2013-FQ1",3,"Mar","2013-Mar",201303
2013-03-06 00:00:00.000,20130306,2013,1,"Q1","2013-Q1",3,"Mar","2013-Mar",201303,3,"Wednesday",2013,1,"FQ1","2013-FQ1",3,"Mar","2013-Mar",201303
2013-03-07 00:00:00.000,20130307,2013,1,"Q1","2013-Q1",3,"Mar","2013-Mar",201303,4,"Thursday",2013,1,"FQ1","2013-FQ1",3,"Mar","2013-Mar",201303
2013-03-08 00:00:00.000,20130308,2013,1,"Q1","2013-Q1",3,"Mar","2013-Mar",201303,5,"Friday",2013,1,"FQ1","2013-FQ1",3,"Mar","2013-Mar",201303
2013-03-09 00:00:00.000,20130309,2013,1,"Q1","2013-Q1",3,"Mar","2013-Mar",201303,6,"Saturday",2013,1,"FQ1","2013-FQ1",3,"Mar","2013-Mar",201303
2013-03-10 00:00:00.000,20130310,2013,1,"Q1","2013-Q1",3,"Mar","2013-Mar",201303,7,"Sunday",2013,1,"FQ1","2013-FQ1",3,"Mar","2013-Mar",201303
2013-03-11 00:00:00.000,20130311,2013,1,"Q1","2013-Q1",3,"Mar","2013-Mar",201303,1,"Monday",2013,1,"FQ1","2013-FQ1",3,"Mar","2013-Mar",201303
2013-03-12 00:00:00.000,20130312,2013,1,"Q1","2013-Q1",3,"Mar","2013-Mar",201303,2,"Tuesday",2013,1,"FQ1","2013-FQ1",3,"Mar","2013-Mar",201303
2013-03-13 00:00:00.000,20130313,2013,1,"Q1","2013-Q1",3,"Mar","2013-Mar",201303,3,"Wednesday",2013,1,"FQ1","2013-FQ1",3,"Mar","2013-Mar",201303
2013-03-14 00:00:00.000,20130314,2013,1,"Q1","2013-Q1",3,"Mar","2013-Mar",201303,4,"Thursday",2013,1,"FQ1","2013-FQ1",3,"Mar","2013-Mar",201303
2013-03-15 00:00:00.000,20130315,2013,1,"Q1","2013-Q1",3,"Mar","2013-Mar",201303,5,"Friday",2013,1,"FQ1","2013-FQ1",3,"Mar","2013-Mar",201303
2013-03-16 00:00:00.000,20130316,2013,1,"Q1","2013-Q1",3,"Mar","2013-Mar",201303,6,"Saturday",2013,1,"FQ1","2013-FQ1",3,"Mar","2013-Mar",201303
2013-03-17 00:00:00.000,20130317,2013,1,"Q1","2013-Q1",3,"Mar","2013-Mar",201303,7,"Sunday",2013,1,"FQ1","2013-FQ1",3,"Mar","2013-Mar",201303
2013-03-18 00:00:00.000,20130318,2013,1,"Q1","2013-Q1",3,"Mar","2013-Mar",201303,1,"Monday",2013,1,"FQ1","2013-FQ1",3,"Mar","2013-Mar",201303
2013-03-19 00:00:00.000,20130319,2013,1,"Q1","2013-Q1",3,"Mar","2013-Mar",201303,2,"Tuesday",2013,1,"FQ1","2013-FQ1",3,"Mar","2013-Mar",201303
2013-03-20 00:00:00.000,20130320,2013,1,"Q1","2013-Q1",3,"Mar","2013-Mar",201303,3,"Wednesday",2013,1,"FQ1","2013-FQ1",3,"Mar","2013-Mar",201303
2013-03-21 00:00:00.000,20130321,2013,1,"Q1","2013-Q1",3,"Mar","2013-Mar",201303,4,"Thursday",2013,1,"FQ1","2013-FQ1",3,"Mar","2013-Mar",201303
2013-03-22 00:00:00.000,20130322,2013,1,"Q1","2013-Q1",3,"Mar","2013-Mar",201303,5,"Friday",2013,1,"FQ1","2013-FQ1",3,"Mar","2013-Mar",201303
2013-03-23 00:00:00.000,20130323,2013,1,"Q1","2013-Q1",3,"Mar","2013-Mar",201303,6,"Saturday",2013,1,"FQ1","2013-FQ1",3,"Mar","2013-Mar",201303
2013-03-24 00:00:00.000,20130324,2013,1,"Q1","2013-Q1",3,"Mar","2013-Mar",201303,7,"Sunday",2013,1,"FQ1","2013-FQ1",3,"Mar","2013-Mar",201303
2013-03-25 00:00:00.000,20130325,2013,1,"Q1","2013-Q1",3,"Mar","2013-Mar",201303,1,"Monday",2013,1,"FQ1","2013-FQ1",3,"Mar","2013-Mar",201303
2013-03-26 00:00:00.000,20130326,2013,1,"Q1","2013-Q1",3,"Mar","2013-Mar",201303,2,"Tuesday",2013,1,"FQ1","2013-FQ1",3,"Mar","2013-Mar",201303
2013-03-27 00:00:00.000,20130327,2013,1,"Q1","2013-Q1",3,"Mar","2013-Mar",201303,3,"Wednesday",2013,1,"FQ1","2013-FQ1",3,"Mar","2013-Mar",201303
2013-03-28 00:00:00.000,20130328,2013,1,"Q1","2013-Q1",3,"Mar","2013-Mar",201303,4,"Thursday",2013,1,"FQ1","2013-FQ1",3,"Mar","2013-Mar",201303
2013-03-29 00:00:00.000,20130329,2013,1,"Q1","2013-Q1",3,"Mar","2013-Mar",201303,5,"Friday",2013,1,"FQ1","2013-FQ1",3,"Mar","2013-Mar",201303
2013-03-30 00:00:00.000,20130330,2013,1,"Q1","2013-Q1",3,"Mar","2013-Mar",201303,6,"Saturday",2013,1,"FQ1","2013-FQ1",3,"Mar","2013-Mar",201303
2013-03-31 00:00:00.000,20130331,2013,1,"Q1","2013-Q1",3,"Mar","2013-Mar",201303,7,"Sunday",2013,1,"FQ1","2013-FQ1",3,"Mar","2013-Mar",201303
2014-03-01 00:00:00.000,20140301,2014,1,"Q1","2014-Q1",3,"Mar","2014-Mar",201403,6,"Saturday",2014,1,"FQ1","2014-FQ1",3,"Mar","2014-Mar",201403
2014-03-02 00:00:00.000,20140302,2014,1,"Q1","2014-Q1",3,"Mar","2014-Mar",201403,7,"Sunday",2014,1,"FQ1","2014-FQ1",3,"Mar","2014-Mar",201403
2014-03-03 00:00:00.000,20140303,2014,1,"Q1","2014-Q1",3,"Mar","2014-Mar",201403,1,"Monday",2014,1,"FQ1","2014-FQ1",3,"Mar","2014-Mar",201403
2014-03-04 00:00:00.000,20140304,2014,1,"Q1","2014-Q1",3,"Mar","2014-Mar",201403,2,"Tuesday",2014,1,"FQ1","2014-FQ1",3,"Mar","2014-Mar",201403
2014-03-05 00:00:00.000,20140305,2014,1,"Q1","2014-Q1",3,"Mar","2014-Mar",201403,3,"Wednesday",2014,1,"FQ1","2014-FQ1",3,"Mar","2014-Mar",201403
2014-03-06 00:00:00.000,20140306,2014,1,"Q1","2014-Q1",3,"Mar","2014-Mar",201403,4,"Thursday",2014,1,"FQ1","2014-FQ1",3,"Mar","2014-Mar",201403
2014-03-07 00:00:00.000,20140307,2014,1,"Q1","2014-Q1",3,"Mar","2014-Mar",201403,5,"Friday",2014,1,"FQ1","2014-FQ1",3,"Mar","2014-Mar",201403
2014-03-08 00:00:00.000,20140308,2014,1,"Q1","2014-Q1",3,"Mar","2014-Mar",201403,6,"Saturday",2014,1,"FQ1","2014-FQ1",3,"Mar","2014-Mar",201403
2014-03-09 00:00:00.000,20140309,2014,1,"Q1","2014-Q1",3,"Mar","2014-Mar",201403,7,"Sunday",2014,1,"FQ1","2014-FQ1",3,"Mar","2014-Mar",201403
2014-03-10 00:00:00.000,20140310,2014,1,"Q1","2014-Q1",3,"Mar","2014-Mar",201403,1,"Monday",2014,1,"FQ1","2014-FQ1",3,"Mar","2014-Mar",201403
2014-03-11 00:00:00.000,20140311,2014,1,"Q1","2014-Q1",3,"Mar","2014-Mar",201403,2,"Tuesday",2014,1,"FQ1","2014-FQ1",3,"Mar","2014-Mar",201403
2014-03-12 00:00:00.000,20140312,2014,1,"Q1","2014-Q1",3,"Mar","2014-Mar",201403,3,"Wednesday",2014,1,"FQ1","2014-FQ1",3,"Mar","2014-Mar",201403
2014-03-13 00:00:00.000,20140313,2014,1,"Q1","2014-Q1",3,"Mar","2014-Mar",201403,4,"Thursday",2014,1,"FQ1","2014-FQ1",3,"Mar","2014-Mar",201403
2014-03-14 00:00:00.000,20140314,2014,1,"Q1","2014-Q1",3,"Mar","2014-Mar",201403,5,"Friday",2014,1,"FQ1","2014-FQ1",3,"Mar","2014-Mar",201403
2014-03-15 00:00:00.000,20140315,2014,1,"Q1","2014-Q1",3,"Mar","2014-Mar",201403,6,"Saturday",2014,1,"FQ1","2014-FQ1",3,"Mar","2014-Mar",201403
2014-03-16 00:00:00.000,20140316,2014,1,"Q1","2014-Q1",3,"Mar","2014-Mar",201403,7,"Sunday",2014,1,"FQ1","2014-FQ1",3,"Mar","2014-Mar",201403
2014-03-17 00:00:00.000,20140317,2014,1,"Q1","2014-Q1",3,"Mar","2014-Mar",201403,1,"Monday",2014,1,"FQ1","2014-FQ1",3,"Mar","2014-Mar",201403
2014-03-18 00:00:00.000,20140318,2014,1,"Q1","2014-Q1",3,"Mar","2014-Mar",201403,2,"Tuesday",2014,1,"FQ1","2014-FQ1",3,"Mar","2014-Mar",201403
2014-03-19 00:00:00.000,20140319,2014,1,"Q1","2014-Q1",3,"Mar","2014-Mar",201403,3,"Wednesday",2014,1,"FQ1","2014-FQ1",3,"Mar","2014-Mar",201403
2014-03-20 00:00:00.000,20140320,2014,1,"Q1","2014-Q1",3,"Mar","2014-Mar",201403,4,"Thursday",2014,1,"FQ1","2014-FQ1",3,"Mar","2014-Mar",201403
2014-03-21 00:00:00.000,20140321,2014,1,"Q1","2014-Q1",3,"Mar","2014-Mar",201403,5,"Friday",2014,1,"FQ1","2014-FQ1",3,"Mar","2014-Mar",201403
2014-03-22 00:00:00.000,20140322,2014,1,"Q1","2014-Q1",3,"Mar","2014-Mar",201403,6,"Saturday",2014,1,"FQ1","2014-FQ1",3,"Mar","2014-Mar",201403
2014-03-23 00:00:00.000,20140323,2014,1,"Q1","2014-Q1",3,"Mar","2014-Mar",201403,7,"Sunday",2014,1,"FQ1","2014-FQ1",3,"Mar","2014-Mar",201403
2014-03-24 00:00:00.000,20140324,2014,1,"Q1","2014-Q1",3,"Mar","2014-Mar",201403,1,"Monday",2014,1,"FQ1","2014-FQ1",3,"Mar","2014-Mar",201403
2014-03-25 00:00:00.000,20140325,2014,1,"Q1","2014-Q1",3,"Mar","2014-Mar",201403,2,"Tuesday",2014,1,"FQ1","2014-FQ1",3,"Mar","2014-Mar",201403
2014-03-26 00:00:00.000,20140326,2014,1,"Q1","2014-Q1",3,"Mar","2014-Mar",201403,3,"Wednesday",2014,1,"FQ1","2014-FQ1",3,"Mar","2014-Mar",201403
2014-03-27 00:00:00.000,20140327,2014,1,"Q1","2014-Q1",3,"Mar","2014-Mar",201403,4,"Thursday",2014,1,"FQ1","2014-FQ1",3,"Mar","2014-Mar",201403
2014-03-28 00:00:00.000,20140328,2014,1,"Q1","2014-Q1",3,"Mar","2014-Mar",201403,5,"Friday",2014,1,"FQ1","2014-FQ1",3,"Mar","2014-Mar",201403
2014-03-29 00:00:00.000,20140329,2014,1,"Q1","2014-Q1",3,"Mar","2014-Mar",201403,6,"Saturday",2014,1,"FQ1","2014-FQ1",3,"Mar","2014-Mar",201403
2014-03-30 00:00:00.000,20140330,2014,1,"Q1","2014-Q1",3,"Mar","2014-Mar",201403,7,"Sunday",2014,1,"FQ1","2014-FQ1",3,"Mar","2014-Mar",201403
2014-03-31 00:00:00.000,20140331,2014,1,"Q1","2014-Q1",3,"Mar","2014-Mar",201403,1,"Monday",2014,1,"FQ1","2014-FQ1",3,"Mar","2014-Mar",201403
2015-03-01 00:00:00.000,20150301,2015,1,"Q1","2015-Q1",3,"Mar","2015-Mar",201503,7,"Sunday",2015,1,"FQ1","2015-FQ1",3,"Mar","2015-Mar",201503
2015-03-02 00:00:00.000,20150302,2015,1,"Q1","2015-Q1",3,"Mar","2015-Mar",201503,1,"Monday",2015,1,"FQ1","2015-FQ1",3,"Mar","2015-Mar",201503
2015-03-03 00:00:00.000,20150303,2015,1,"Q1","2015-Q1",3,"Mar","2015-Mar",201503,2,"Tuesday",2015,1,"FQ1","2015-FQ1",3,"Mar","2015-Mar",201503
2015-03-04 00:00:00.000,20150304,2015,1,"Q1","2015-Q1",3,"Mar","2015-Mar",201503,3,"Wednesday",2015,1,"FQ1","2015-FQ1",3,"Mar","2015-Mar",201503
2015-03-05 00:00:00.000,20150305,2015,1,"Q1","2015-Q1",3,"Mar","2015-Mar",201503,4,"Thursday",2015,1,"FQ1","2015-FQ1",3,"Mar","2015-Mar",201503
2015-03-06 00:00:00.000,20150306,2015,1,"Q1","2015-Q1",3,"Mar","2015-Mar",201503,5,"Friday",2015,1,"FQ1","2015-FQ1",3,"Mar","2015-Mar",201503
2015-03-07 00:00:00.000,20150307,2015,1,"Q1","2015-Q1",3,"Mar","2015-Mar",201503,6,"Saturday",2015,1,"FQ1","2015-FQ1",3,"Mar","2015-Mar",201503
2015-03-08 00:00:00.000,20150308,2015,1,"Q1","2015-Q1",3,"Mar","2015-Mar",201503,7,"Sunday",2015,1,"FQ1","2015-FQ1",3,"Mar","2015-Mar",201503
2015-03-09 00:00:00.000,20150309,2015,1,"Q1","2015-Q1",3,"Mar","2015-Mar",201503,1,"Monday",2015,1,"FQ1","2015-FQ1",3,"Mar","2015-Mar",201503
2015-03-10 00:00:00.000,20150310,2015,1,"Q1","2015-Q1",3,"Mar","2015-Mar",201503,2,"Tuesday",2015,1,"FQ1","2015-FQ1",3,"Mar","2015-Mar",201503
2015-03-11 00:00:00.000,20150311,2015,1,"Q1","2015-Q1",3,"Mar","2015-Mar",201503,3,"Wednesday",2015,1,"FQ1","2015-FQ1",3,"Mar","2015-Mar",201503
2015-03-12 00:00:00.000,20150312,2015,1,"Q1","2015-Q1",3,"Mar","2015-Mar",201503,4,"Thursday",2015,1,"FQ1","2015-FQ1",3,"Mar","2015-Mar",201503
2015-03-13 00:00:00.000,20150313,2015,1,"Q1","2015-Q1",3,"Mar","2015-Mar",201503,5,"Friday",2015,1,"FQ1","2015-FQ1",3,"Mar","2015-Mar",201503
2015-03-14 00:00:00.000,20150314,2015,1,"Q1","2015-Q1",3,"Mar","2015-Mar",201503,6,"Saturday",2015,1,"FQ1","2015-FQ1",3,"Mar","2015-Mar",201503
2015-03-15 00:00:00.000,20150315,2015,1,"Q1","2015-Q1",3,"Mar","2015-Mar",201503,7,"Sunday",2015,1,"FQ1","2015-FQ1",3,"Mar","2015-Mar",201503
2015-03-16 00:00:00.000,20150316,2015,1,"Q1","2015-Q1",3,"Mar","2015-Mar",201503,1,"Monday",2015,1,"FQ1","2015-FQ1",3,"Mar","2015-Mar",201503
2015-03-17 00:00:00.000,20150317,2015,1,"Q1","2015-Q1",3,"Mar","2015-Mar",201503,2,"Tuesday",2015,1,"FQ1","2015-FQ1",3,"Mar","2015-Mar",201503
2015-03-18 00:00:00.000,20150318,2015,1,"Q1","2015-Q1",3,"Mar","2015-Mar",201503,3,"Wednesday",2015,1,"FQ1","2015-FQ1",3,"Mar","2015-Mar",201503
2015-03-19 00:00:00.000,20150319,2015,1,"Q1","2015-Q1",3,"Mar","2015-Mar",201503,4,"Thursday",2015,1,"FQ1","2015-FQ1",3,"Mar","2015-Mar",201503
2015-03-20 00:00:00.000,20150320,2015,1,"Q1","2015-Q1",3,"Mar","2015-Mar",201503,5,"Friday",2015,1,"FQ1","2015-FQ1",3,"Mar","2015-Mar",201503
2015-03-21 00:00:00.000,20150321,2015,1,"Q1","2015-Q1",3,"Mar","2015-Mar",201503,6,"Saturday",2015,1,"FQ1","2015-FQ1",3,"Mar","2015-Mar",201503
2015-03-22 00:00:00.000,20150322,2015,1,"Q1","2015-Q1",3,"Mar","2015-Mar",201503,7,"Sunday",2015,1,"FQ1","2015-FQ1",3,"Mar","2015-Mar",201503
2015-03-23 00:00:00.000,20150323,2015,1,"Q1","2015-Q1",3,"Mar","2015-Mar",201503,1,"Monday",2015,1,"FQ1","2015-FQ1",3,"Mar","2015-Mar",201503
2015-03-24 00:00:00.000,20150324,2015,1,"Q1","2015-Q1",3,"Mar","2015-Mar",201503,2,"Tuesday",2015,1,"FQ1","2015-FQ1",3,"Mar","2015-Mar",201503
2015-03-25 00:00:00.000,20150325,2015,1,"Q1","2015-Q1",3,"Mar","2015-Mar",201503,3,"Wednesday",2015,1,"FQ1","2015-FQ1",3,"Mar","2015-Mar",201503
2015-03-26 00:00:00.000,20150326,2015,1,"Q1","2015-Q1",3,"Mar","2015-Mar",201503,4,"Thursday",2015,1,"FQ1","2015-FQ1",3,"Mar","2015-Mar",201503
2015-03-27 00:00:00.000,20150327,2015,1,"Q1","2015-Q1",3,"Mar","2015-Mar",201503,5,"Friday",2015,1,"FQ1","2015-FQ1",3,"Mar","2015-Mar",201503
2015-03-28 00:00:00.000,20150328,2015,1,"Q1","2015-Q1",3,"Mar","2015-Mar",201503,6,"Saturday",2015,1,"FQ1","2015-FQ1",3,"Mar","2015-Mar",201503
2015-03-29 00:00:00.000,20150329,2015,1,"Q1","2015-Q1",3,"Mar","2015-Mar",201503,7,"Sunday",2015,1,"FQ1","2015-FQ1",3,"Mar","2015-Mar",201503
2015-03-30 00:00:00.000,20150330,2015,1,"Q1","2015-Q1",3,"Mar","2015-Mar",201503,1,"Monday",2015,1,"FQ1","2015-FQ1",3,"Mar","2015-Mar",201503
2015-03-31 00:00:00.000,20150331,2015,1,"Q1","2015-Q1",3,"Mar","2015-Mar",201503,2,"Tuesday",2015,1,"FQ1","2015-FQ1",3,"Mar","2015-Mar",201503
2012-01-01 00:00:00.000,20120101,2012,1,"Q1","2012-Q1",1,"Jan","2012-Jan",201201,7,"Sunday",2012,1,"FQ1","2012-FQ1",1,"Jan","2012-Jan",201201
2012-01-02 00:00:00.000,20120102,2012,1,"Q1","2012-Q1",1,"Jan","2012-Jan",201201,1,"Monday",2012,1,"FQ1","2012-FQ1",1,"Jan","2012-Jan",201201
2012-01-03 00:00:00.000,20120103,2012,1,"Q1","2012-Q1",1,"Jan","2012-Jan",201201,2,"Tuesday",2012,1,"FQ1","2012-FQ1",1,"Jan","2012-Jan",201201
2012-01-04 00:00:00.000,20120104,2012,1,"Q1","2012-Q1",1,"Jan","2012-Jan",201201,3,"Wednesday",2012,1,"FQ1","2012-FQ1",1,"Jan","2012-Jan",201201
2012-01-05 00:00:00.000,20120105,2012,1,"Q1","2012-Q1",1,"Jan","2012-Jan",201201,4,"Thursday",2012,1,"FQ1","2012-FQ1",1,"Jan","2012-Jan",201201
2012-01-06 00:00:00.000,20120106,2012,1,"Q1","2012-Q1",1,"Jan","2012-Jan",201201,5,"Friday",2012,1,"FQ1","2012-FQ1",1,"Jan","2012-Jan",201201
2012-01-07 00:00:00.000,20120107,2012,1,"Q1","2012-Q1",1,"Jan","2012-Jan",201201,6,"Saturday",2012,1,"FQ1","2012-FQ1",1,"Jan","2012-Jan",201201
2012-01-08 00:00:00.000,20120108,2012,1,"Q1","2012-Q1",1,"Jan","2012-Jan",201201,7,"Sunday",2012,1,"FQ1","2012-FQ1",1,"Jan","2012-Jan",201201
2012-01-09 00:00:00.000,20120109,2012,1,"Q1","2012-Q1",1,"Jan","2012-Jan",201201,1,"Monday",2012,1,"FQ1","2012-FQ1",1,"Jan","2012-Jan",201201
2012-01-10 00:00:00.000,20120110,2012,1,"Q1","2012-Q1",1,"Jan","2012-Jan",201201,2,"Tuesday",2012,1,"FQ1","2012-FQ1",1,"Jan","2012-Jan",201201
2012-01-11 00:00:00.000,20120111,2012,1,"Q1","2012-Q1",1,"Jan","2012-Jan",201201,3,"Wednesday",2012,1,"FQ1","2012-FQ1",1,"Jan","2012-Jan",201201
2012-01-12 00:00:00.000,20120112,2012,1,"Q1","2012-Q1",1,"Jan","2012-Jan",201201,4,"Thursday",2012,1,"FQ1","2012-FQ1",1,"Jan","2012-Jan",201201
2012-01-13 00:00:00.000,20120113,2012,1,"Q1","2012-Q1",1,"Jan","2012-Jan",201201,5,"Friday",2012,1,"FQ1","2012-FQ1",1,"Jan","2012-Jan",201201
2012-01-14 00:00:00.000,20120114,2012,1,"Q1","2012-Q1",1,"Jan","2012-Jan",201201,6,"Saturday",2012,1,"FQ1","2012-FQ1",1,"Jan","2012-Jan",201201
2012-01-15 00:00:00.000,20120115,2012,1,"Q1","2012-Q1",1,"Jan","2012-Jan",201201,7,"Sunday",2012,1,"FQ1","2012-FQ1",1,"Jan","2012-Jan",201201
2012-01-16 00:00:00.000,20120116,2012,1,"Q1","2012-Q1",1,"Jan","2012-Jan",201201,1,"Monday",2012,1,"FQ1","2012-FQ1",1,"Jan","2012-Jan",201201
2012-01-17 00:00:00.000,20120117,2012,1,"Q1","2012-Q1",1,"Jan","2012-Jan",201201,2,"Tuesday",2012,1,"FQ1","2012-FQ1",1,"Jan","2012-Jan",201201
2012-01-18 00:00:00.000,20120118,2012,1,"Q1","2012-Q1",1,"Jan","2012-Jan",201201,3,"Wednesday",2012,1,"FQ1","2012-FQ1",1,"Jan","2012-Jan",201201
2012-01-19 00:00:00.000,20120119,2012,1,"Q1","2012-Q1",1,"Jan","2012-Jan",201201,4,"Thursday",2012,1,"FQ1","2012-FQ1",1,"Jan","2012-Jan",201201
2012-01-20 00:00:00.000,20120120,2012,1,"Q1","2012-Q1",1,"Jan","2012-Jan",201201,5,"Friday",2012,1,"FQ1","2012-FQ1",1,"Jan","2012-Jan",201201
2012-01-21 00:00:00.000,20120121,2012,1,"Q1","2012-Q1",1,"Jan","2012-Jan",201201,6,"Saturday",2012,1,"FQ1","2012-FQ1",1,"Jan","2012-Jan",201201
2012-01-22 00:00:00.000,20120122,2012,1,"Q1","2012-Q1",1,"Jan","2012-Jan",201201,7,"Sunday",2012,1,"FQ1","2012-FQ1",1,"Jan","2012-Jan",201201
2012-01-23 00:00:00.000,20120123,2012,1,"Q1","2012-Q1",1,"Jan","2012-Jan",201201,1,"Monday",2012,1,"FQ1","2012-FQ1",1,"Jan","2012-Jan",201201
2012-01-24 00:00:00.000,20120124,2012,1,"Q1","2012-Q1",1,"Jan","2012-Jan",201201,2,"Tuesday",2012,1,"FQ1","2012-FQ1",1,"Jan","2012-Jan",201201
2012-01-25 00:00:00.000,20120125,2012,1,"Q1","2012-Q1",1,"Jan","2012-Jan",201201,3,"Wednesday",2012,1,"FQ1","2012-FQ1",1,"Jan","2012-Jan",201201
2012-01-26 00:00:00.000,20120126,2012,1,"Q1","2012-Q1",1,"Jan","2012-Jan",201201,4,"Thursday",2012,1,"FQ1","2012-FQ1",1,"Jan","2012-Jan",201201
2012-01-27 00:00:00.000,20120127,2012,1,"Q1","2012-Q1",1,"Jan","2012-Jan",201201,5,"Friday",2012,1,"FQ1","2012-FQ1",1,"Jan","2012-Jan",201201
2012-01-28 00:00:00.000,20120128,2012,1,"Q1","2012-Q1",1,"Jan","2012-Jan",201201,6,"Saturday",2012,1,"FQ1","2012-FQ1",1,"Jan","2012-Jan",201201
2012-01-29 00:00:00.000,20120129,2012,1,"Q1","2012-Q1",1,"Jan","2012-Jan",201201,7,"Sunday",2012,1,"FQ1","2012-FQ1",1,"Jan","2012-Jan",201201
2012-01-30 00:00:00.000,20120130,2012,1,"Q1","2012-Q1",1,"Jan","2012-Jan",201201,1,"Monday",2012,1,"FQ1","2012-FQ1",1,"Jan","2012-Jan",201201
2012-01-31 00:00:00.000,20120131,2012,1,"Q1","2012-Q1",1,"Jan","2012-Jan",201201,2,"Tuesday",2012,1,"FQ1","2012-FQ1",1,"Jan","2012-Jan",201201
2013-01-01 00:00:00.000,20130101,2013,1,"Q1","2013-Q1",1,"Jan","2013-Jan",201301,2,"Tuesday",2013,1,"FQ1","2013-FQ1",1,"Jan","2013-Jan",201301
2013-01-02 00:00:00.000,20130102,2013,1,"Q1","2013-Q1",1,"Jan","2013-Jan",201301,3,"Wednesday",2013,1,"FQ1","2013-FQ1",1,"Jan","2013-Jan",201301
2013-01-03 00:00:00.000,20130103,2013,1,"Q1","2013-Q1",1,"Jan","2013-Jan",201301,4,"Thursday",2013,1,"FQ1","2013-FQ1",1,"Jan","2013-Jan",201301
2013-01-04 00:00:00.000,20130104,2013,1,"Q1","2013-Q1",1,"Jan","2013-Jan",201301,5,"Friday",2013,1,"FQ1","2013-FQ1",1,"Jan","2013-Jan",201301
2013-01-05 00:00:00.000,20130105,2013,1,"Q1","2013-Q1",1,"Jan","2013-Jan",201301,6,"Saturday",2013,1,"FQ1","2013-FQ1",1,"Jan","2013-Jan",201301
2013-01-06 00:00:00.000,20130106,2013,1,"Q1","2013-Q1",1,"Jan","2013-Jan",201301,7,"Sunday",2013,1,"FQ1","2013-FQ1",1,"Jan","2013-Jan",201301
2013-01-07 00:00:00.000,20130107,2013,1,"Q1","2013-Q1",1,"Jan","2013-Jan",201301,1,"Monday",2013,1,"FQ1","2013-FQ1",1,"Jan","2013-Jan",201301
2013-01-08 00:00:00.000,20130108,2013,1,"Q1","2013-Q1",1,"Jan","2013-Jan",201301,2,"Tuesday",2013,1,"FQ1","2013-FQ1",1,"Jan","2013-Jan",201301
2013-01-09 00:00:00.000,20130109,2013,1,"Q1","2013-Q1",1,"Jan","2013-Jan",201301,3,"Wednesday",2013,1,"FQ1","2013-FQ1",1,"Jan","2013-Jan",201301
2013-01-10 00:00:00.000,20130110,2013,1,"Q1","2013-Q1",1,"Jan","2013-Jan",201301,4,"Thursday",2013,1,"FQ1","2013-FQ1",1,"Jan","2013-Jan",201301
2013-01-11 00:00:00.000,20130111,2013,1,"Q1","2013-Q1",1,"Jan","2013-Jan",201301,5,"Friday",2013,1,"FQ1","2013-FQ1",1,"Jan","2013-Jan",201301
2013-01-12 00:00:00.000,20130112,2013,1,"Q1","2013-Q1",1,"Jan","2013-Jan",201301,6,"Saturday",2013,1,"FQ1","2013-FQ1",1,"Jan","2013-Jan",201301
2013-01-13 00:00:00.000,20130113,2013,1,"Q1","2013-Q1",1,"Jan","2013-Jan",201301,7,"Sunday",2013,1,"FQ1","2013-FQ1",1,"Jan","2013-Jan",201301
2013-01-14 00:00:00.000,20130114,2013,1,"Q1","2013-Q1",1,"Jan","2013-Jan",201301,1,"Monday",2013,1,"FQ1","2013-FQ1",1,"Jan","2013-Jan",201301
2013-01-15 00:00:00.000,20130115,2013,1,"Q1","2013-Q1",1,"Jan","2013-Jan",201301,2,"Tuesday",2013,1,"FQ1","2013-FQ1",1,"Jan","2013-Jan",201301
2013-01-16 00:00:00.000,20130116,2013,1,"Q1","2013-Q1",1,"Jan","2013-Jan",201301,3,"Wednesday",2013,1,"FQ1","2013-FQ1",1,"Jan","2013-Jan",201301
2013-01-17 00:00:00.000,20130117,2013,1,"Q1","2013-Q1",1,"Jan","2013-Jan",201301,4,"Thursday",2013,1,"FQ1","2013-FQ1",1,"Jan","2013-Jan",201301
2013-01-18 00:00:00.000,20130118,2013,1,"Q1","2013-Q1",1,"Jan","2013-Jan",201301,5,"Friday",2013,1,"FQ1","2013-FQ1",1,"Jan","2013-Jan",201301
2013-01-19 00:00:00.000,20130119,2013,1,"Q1","2013-Q1",1,"Jan","2013-Jan",201301,6,"Saturday",2013,1,"FQ1","2013-FQ1",1,"Jan","2013-Jan",201301
2013-01-20 00:00:00.000,20130120,2013,1,"Q1","2013-Q1",1,"Jan","2013-Jan",201301,7,"Sunday",2013,1,"FQ1","2013-FQ1",1,"Jan","2013-Jan",201301
2013-01-21 00:00:00.000,20130121,2013,1,"Q1","2013-Q1",1,"Jan","2013-Jan",201301,1,"Monday",2013,1,"FQ1","2013-FQ1",1,"Jan","2013-Jan",201301
2013-01-22 00:00:00.000,20130122,2013,1,"Q1","2013-Q1",1,"Jan","2013-Jan",201301,2,"Tuesday",2013,1,"FQ1","2013-FQ1",1,"Jan","2013-Jan",201301
2013-01-23 00:00:00.000,20130123,2013,1,"Q1","2013-Q1",1,"Jan","2013-Jan",201301,3,"Wednesday",2013,1,"FQ1","2013-FQ1",1,"Jan","2013-Jan",201301
2013-01-24 00:00:00.000,20130124,2013,1,"Q1","2013-Q1",1,"Jan","2013-Jan",201301,4,"Thursday",2013,1,"FQ1","2013-FQ1",1,"Jan","2013-Jan",201301
2013-01-25 00:00:00.000,20130125,2013,1,"Q1","2013-Q1",1,"Jan","2013-Jan",201301,5,"Friday",2013,1,"FQ1","2013-FQ1",1,"Jan","2013-Jan",201301
2013-01-26 00:00:00.000,20130126,2013,1,"Q1","2013-Q1",1,"Jan","2013-Jan",201301,6,"Saturday",2013,1,"FQ1","2013-FQ1",1,"Jan","2013-Jan",201301
2013-01-27 00:00:00.000,20130127,2013,1,"Q1","2013-Q1",1,"Jan","2013-Jan",201301,7,"Sunday",2013,1,"FQ1","2013-FQ1",1,"Jan","2013-Jan",201301
2013-01-28 00:00:00.000,20130128,2013,1,"Q1","2013-Q1",1,"Jan","2013-Jan",201301,1,"Monday",2013,1,"FQ1","2013-FQ1",1,"Jan","2013-Jan",201301
2013-01-29 00:00:00.000,20130129,2013,1,"Q1","2013-Q1",1,"Jan","2013-Jan",201301,2,"Tuesday",2013,1,"FQ1","2013-FQ1",1,"Jan","2013-Jan",201301
2013-01-30 00:00:00.000,20130130,2013,1,"Q1","2013-Q1",1,"Jan","2013-Jan",201301,3,"Wednesday",2013,1,"FQ1","2013-FQ1",1,"Jan","2013-Jan",201301
2013-01-31 00:00:00.000,20130131,2013,1,"Q1","2013-Q1",1,"Jan","2013-Jan",201301,4,"Thursday",2013,1,"FQ1","2013-FQ1",1,"Jan","2013-Jan",201301
2014-01-01 00:00:00.000,20140101,2014,1,"Q1","2014-Q1",1,"Jan","2014-Jan",201401,3,"Wednesday",2014,1,"FQ1","2014-FQ1",1,"Jan","2014-Jan",201401
2014-01-02 00:00:00.000,20140102,2014,1,"Q1","2014-Q1",1,"Jan","2014-Jan",201401,4,"Thursday",2014,1,"FQ1","2014-FQ1",1,"Jan","2014-Jan",201401
2014-01-03 00:00:00.000,20140103,2014,1,"Q1","2014-Q1",1,"Jan","2014-Jan",201401,5,"Friday",2014,1,"FQ1","2014-FQ1",1,"Jan","2014-Jan",201401
2014-01-04 00:00:00.000,20140104,2014,1,"Q1","2014-Q1",1,"Jan","2014-Jan",201401,6,"Saturday",2014,1,"FQ1","2014-FQ1",1,"Jan","2014-Jan",201401
2014-01-05 00:00:00.000,20140105,2014,1,"Q1","2014-Q1",1,"Jan","2014-Jan",201401,7,"Sunday",2014,1,"FQ1","2014-FQ1",1,"Jan","2014-Jan",201401
2014-01-06 00:00:00.000,20140106,2014,1,"Q1","2014-Q1",1,"Jan","2014-Jan",201401,1,"Monday",2014,1,"FQ1","2014-FQ1",1,"Jan","2014-Jan",201401
2014-01-07 00:00:00.000,20140107,2014,1,"Q1","2014-Q1",1,"Jan","2014-Jan",201401,2,"Tuesday",2014,1,"FQ1","2014-FQ1",1,"Jan","2014-Jan",201401
2014-01-08 00:00:00.000,20140108,2014,1,"Q1","2014-Q1",1,"Jan","2014-Jan",201401,3,"Wednesday",2014,1,"FQ1","2014-FQ1",1,"Jan","2014-Jan",201401
2014-01-09 00:00:00.000,20140109,2014,1,"Q1","2014-Q1",1,"Jan","2014-Jan",201401,4,"Thursday",2014,1,"FQ1","2014-FQ1",1,"Jan","2014-Jan",201401
2014-01-10 00:00:00.000,20140110,2014,1,"Q1","2014-Q1",1,"Jan","2014-Jan",201401,5,"Friday",2014,1,"FQ1","2014-FQ1",1,"Jan","2014-Jan",201401
2014-01-11 00:00:00.000,20140111,2014,1,"Q1","2014-Q1",1,"Jan","2014-Jan",201401,6,"Saturday",2014,1,"FQ1","2014-FQ1",1,"Jan","2014-Jan",201401
2014-01-12 00:00:00.000,20140112,2014,1,"Q1","2014-Q1",1,"Jan","2014-Jan",201401,7,"Sunday",2014,1,"FQ1","2014-FQ1",1,"Jan","2014-Jan",201401
2014-01-13 00:00:00.000,20140113,2014,1,"Q1","2014-Q1",1,"Jan","2014-Jan",201401,1,"Monday",2014,1,"FQ1","2014-FQ1",1,"Jan","2014-Jan",201401
2014-01-14 00:00:00.000,20140114,2014,1,"Q1","2014-Q1",1,"Jan","2014-Jan",201401,2,"Tuesday",2014,1,"FQ1","2014-FQ1",1,"Jan","2014-Jan",201401
2014-01-15 00:00:00.000,20140115,2014,1,"Q1","2014-Q1",1,"Jan","2014-Jan",201401,3,"Wednesday",2014,1,"FQ1","2014-FQ1",1,"Jan","2014-Jan",201401
2014-01-16 00:00:00.000,20140116,2014,1,"Q1","2014-Q1",1,"Jan","2014-Jan",201401,4,"Thursday",2014,1,"FQ1","2014-FQ1",1,"Jan","2014-Jan",201401
2014-01-17 00:00:00.000,20140117,2014,1,"Q1","2014-Q1",1,"Jan","2014-Jan",201401,5,"Friday",2014,1,"FQ1","2014-FQ1",1,"Jan","2014-Jan",201401
2014-01-18 00:00:00.000,20140118,2014,1,"Q1","2014-Q1",1,"Jan","2014-Jan",201401,6,"Saturday",2014,1,"FQ1","2014-FQ1",1,"Jan","2014-Jan",201401
2014-01-19 00:00:00.000,20140119,2014,1,"Q1","2014-Q1",1,"Jan","2014-Jan",201401,7,"Sunday",2014,1,"FQ1","2014-FQ1",1,"Jan","2014-Jan",201401
2014-01-20 00:00:00.000,20140120,2014,1,"Q1","2014-Q1",1,"Jan","2014-Jan",201401,1,"Monday",2014,1,"FQ1","2014-FQ1",1,"Jan","2014-Jan",201401
2014-01-21 00:00:00.000,20140121,2014,1,"Q1","2014-Q1",1,"Jan","2014-Jan",201401,2,"Tuesday",2014,1,"FQ1","2014-FQ1",1,"Jan","2014-Jan",201401
2014-01-22 00:00:00.000,20140122,2014,1,"Q1","2014-Q1",1,"Jan","2014-Jan",201401,3,"Wednesday",2014,1,"FQ1","2014-FQ1",1,"Jan","2014-Jan",201401
2014-01-23 00:00:00.000,20140123,2014,1,"Q1","2014-Q1",1,"Jan","2014-Jan",201401,4,"Thursday",2014,1,"FQ1","2014-FQ1",1,"Jan","2014-Jan",201401
2014-01-24 00:00:00.000,20140124,2014,1,"Q1","2014-Q1",1,"Jan","2014-Jan",201401,5,"Friday",2014,1,"FQ1","2014-FQ1",1,"Jan","2014-Jan",201401
2014-01-25 00:00:00.000,20140125,2014,1,"Q1","2014-Q1",1,"Jan","2014-Jan",201401,6,"Saturday",2014,1,"FQ1","2014-FQ1",1,"Jan","2014-Jan",201401
2014-01-26 00:00:00.000,20140126,2014,1,"Q1","2014-Q1",1,"Jan","2014-Jan",201401,7,"Sunday",2014,1,"FQ1","2014-FQ1",1,"Jan","2014-Jan",201401
2014-01-27 00:00:00.000,20140127,2014,1,"Q1","2014-Q1",1,"Jan","2014-Jan",201401,1,"Monday",2014,1,"FQ1","2014-FQ1",1,"Jan","2014-Jan",201401
2014-01-28 00:00:00.000,20140128,2014,1,"Q1","2014-Q1",1,"Jan","2014-Jan",201401,2,"Tuesday",2014,1,"FQ1","2014-FQ1",1,"Jan","2014-Jan",201401
2014-01-29 00:00:00.000,20140129,2014,1,"Q1","2014-Q1",1,"Jan","2014-Jan",201401,3,"Wednesday",2014,1,"FQ1","2014-FQ1",1,"Jan","2014-Jan",201401
2014-01-30 00:00:00.000,20140130,2014,1,"Q1","2014-Q1",1,"Jan","2014-Jan",201401,4,"Thursday",2014,1,"FQ1","2014-FQ1",1,"Jan","2014-Jan",201401
2014-01-31 00:00:00.000,20140131,2014,1,"Q1","2014-Q1",1,"Jan","2014-Jan",201401,5,"Friday",2014,1,"FQ1","2014-FQ1",1,"Jan","2014-Jan",201401
2015-01-01 00:00:00.000,20150101,2015,1,"Q1","2015-Q1",1,"Jan","2015-Jan",201501,4,"Thursday",2015,1,"FQ1","2015-FQ1",1,"Jan","2015-Jan",201501
2015-01-02 00:00:00.000,20150102,2015,1,"Q1","2015-Q1",1,"Jan","2015-Jan",201501,5,"Friday",2015,1,"FQ1","2015-FQ1",1,"Jan","2015-Jan",201501
2015-01-03 00:00:00.000,20150103,2015,1,"Q1","2015-Q1",1,"Jan","2015-Jan",201501,6,"Saturday",2015,1,"FQ1","2015-FQ1",1,"Jan","2015-Jan",201501
2015-01-04 00:00:00.000,20150104,2015,1,"Q1","2015-Q1",1,"Jan","2015-Jan",201501,7,"Sunday",2015,1,"FQ1","2015-FQ1",1,"Jan","2015-Jan",201501
2015-01-05 00:00:00.000,20150105,2015,1,"Q1","2015-Q1",1,"Jan","2015-Jan",201501,1,"Monday",2015,1,"FQ1","2015-FQ1",1,"Jan","2015-Jan",201501
2015-01-06 00:00:00.000,20150106,2015,1,"Q1","2015-Q1",1,"Jan","2015-Jan",201501,2,"Tuesday",2015,1,"FQ1","2015-FQ1",1,"Jan","2015-Jan",201501
2015-01-07 00:00:00.000,20150107,2015,1,"Q1","2015-Q1",1,"Jan","2015-Jan",201501,3,"Wednesday",2015,1,"FQ1","2015-FQ1",1,"Jan","2015-Jan",201501
2015-01-08 00:00:00.000,20150108,2015,1,"Q1","2015-Q1",1,"Jan","2015-Jan",201501,4,"Thursday",2015,1,"FQ1","2015-FQ1",1,"Jan","2015-Jan",201501
2015-01-09 00:00:00.000,20150109,2015,1,"Q1","2015-Q1",1,"Jan","2015-Jan",201501,5,"Friday",2015,1,"FQ1","2015-FQ1",1,"Jan","2015-Jan",201501
2015-01-10 00:00:00.000,20150110,2015,1,"Q1","2015-Q1",1,"Jan","2015-Jan",201501,6,"Saturday",2015,1,"FQ1","2015-FQ1",1,"Jan","2015-Jan",201501
2015-01-11 00:00:00.000,20150111,2015,1,"Q1","2015-Q1",1,"Jan","2015-Jan",201501,7,"Sunday",2015,1,"FQ1","2015-FQ1",1,"Jan","2015-Jan",201501
2015-01-12 00:00:00.000,20150112,2015,1,"Q1","2015-Q1",1,"Jan","2015-Jan",201501,1,"Monday",2015,1,"FQ1","2015-FQ1",1,"Jan","2015-Jan",201501
2015-01-13 00:00:00.000,20150113,2015,1,"Q1","2015-Q1",1,"Jan","2015-Jan",201501,2,"Tuesday",2015,1,"FQ1","2015-FQ1",1,"Jan","2015-Jan",201501
2015-01-14 00:00:00.000,20150114,2015,1,"Q1","2015-Q1",1,"Jan","2015-Jan",201501,3,"Wednesday",2015,1,"FQ1","2015-FQ1",1,"Jan","2015-Jan",201501
2015-01-15 00:00:00.000,20150115,2015,1,"Q1","2015-Q1",1,"Jan","2015-Jan",201501,4,"Thursday",2015,1,"FQ1","2015-FQ1",1,"Jan","2015-Jan",201501
2015-01-16 00:00:00.000,20150116,2015,1,"Q1","2015-Q1",1,"Jan","2015-Jan",201501,5,"Friday",2015,1,"FQ1","2015-FQ1",1,"Jan","2015-Jan",201501
2015-01-17 00:00:00.000,20150117,2015,1,"Q1","2015-Q1",1,"Jan","2015-Jan",201501,6,"Saturday",2015,1,"FQ1","2015-FQ1",1,"Jan","2015-Jan",201501
2015-01-18 00:00:00.000,20150118,2015,1,"Q1","2015-Q1",1,"Jan","2015-Jan",201501,7,"Sunday",2015,1,"FQ1","2015-FQ1",1,"Jan","2015-Jan",201501
2015-01-19 00:00:00.000,20150119,2015,1,"Q1","2015-Q1",1,"Jan","2015-Jan",201501,1,"Monday",2015,1,"FQ1","2015-FQ1",1,"Jan","2015-Jan",201501
2015-01-20 00:00:00.000,20150120,2015,1,"Q1","2015-Q1",1,"Jan","2015-Jan",201501,2,"Tuesday",2015,1,"FQ1","2015-FQ1",1,"Jan","2015-Jan",201501
2015-01-21 00:00:00.000,20150121,2015,1,"Q1","2015-Q1",1,"Jan","2015-Jan",201501,3,"Wednesday",2015,1,"FQ1","2015-FQ1",1,"Jan","2015-Jan",201501
2015-01-22 00:00:00.000,20150122,2015,1,"Q1","2015-Q1",1,"Jan","2015-Jan",201501,4,"Thursday",2015,1,"FQ1","2015-FQ1",1,"Jan","2015-Jan",201501
2015-01-23 00:00:00.000,20150123,2015,1,"Q1","2015-Q1",1,"Jan","2015-Jan",201501,5,"Friday",2015,1,"FQ1","2015-FQ1",1,"Jan","2015-Jan",201501
2015-01-24 00:00:00.000,20150124,2015,1,"Q1","2015-Q1",1,"Jan","2015-Jan",201501,6,"Saturday",2015,1,"FQ1","2015-FQ1",1,"Jan","2015-Jan",201501
2015-01-25 00:00:00.000,20150125,2015,1,"Q1","2015-Q1",1,"Jan","2015-Jan",201501,7,"Sunday",2015,1,"FQ1","2015-FQ1",1,"Jan","2015-Jan",201501
2015-01-26 00:00:00.000,20150126,2015,1,"Q1","2015-Q1",1,"Jan","2015-Jan",201501,1,"Monday",2015,1,"FQ1","2015-FQ1",1,"Jan","2015-Jan",201501
2015-01-27 00:00:00.000,20150127,2015,1,"Q1","2015-Q1",1,"Jan","2015-Jan",201501,2,"Tuesday",2015,1,"FQ1","2015-FQ1",1,"Jan","2015-Jan",201501
2015-01-28 00:00:00.000,20150128,2015,1,"Q1","2015-Q1",1,"Jan","2015-Jan",201501,3,"Wednesday",2015,1,"FQ1","2015-FQ1",1,"Jan","2015-Jan",201501
2015-01-29 00:00:00.000,20150129,2015,1,"Q1","2015-Q1",1,"Jan","2015-Jan",201501,4,"Thursday",2015,1,"FQ1","2015-FQ1",1,"Jan","2015-Jan",201501
2015-01-30 00:00:00.000,20150130,2015,1,"Q1","2015-Q1",1,"Jan","2015-Jan",201501,5,"Friday",2015,1,"FQ1","2015-FQ1",1,"Jan","2015-Jan",201501
2015-01-31 00:00:00.000,20150131,2015,1,"Q1","2015-Q1",1,"Jan","2015-Jan",201501,6,"Saturday",2015,1,"FQ1","2015-FQ1",1,"Jan","2015-Jan",201501
